227
454
681
899
1111
1312
1504
1681
1847
1996
2128
2246
2346
2429
2494
2544
2574
2591
2591
2577
2550
2509
2461
2404
2339
2268
2195
2117
2041
1966
1893
1826
1763
1710
1663
1627
1599
1583
1576
1582
1597
1623
1660
1706
1760
1821
1889
1959
2036
2114
2190
2268
2341
2408
2470
2525
2566
2600
2620
2626
2619
2597
2559
2503
2434
2347
2244
2127
1995
1849
1692
1522
1342
1157
962
764
565
363
163
-32
-224
-407
-581
-747
-898
-1037
-1162
-1269
-1361
-1436
-1492
-1531
-1553
-1556
-1543
-1514
-1468
-1409
-1337
-1253
-1158
-1057
-947
-833
-718
-599
-481
-365
-253
-147
-47
45
127
199
260
309
347
372
384
387
376
355
326
287
239
186
129
68
7
-54
-116
-173
-224
-271
-308
-336
-354
-359
-351
-332
-297
-248
-186
-108
-18
88
205
334
474
624
780
942
1112
1281
1453
1624
1792
1954
2112
2258
2396
2522
2634
2732
2814
2880
2927
2959
2970
2965
2940
2899
2840
2764
2675
2570
2453
2324
2186
2039
1887
1730
1571
1412
1253
1099
948
805
668
541
423
319
224
144
78
21
-19
-48
-65
-70
-63
-49
-23
9
45
88
131
177
220
260
298
330
354
371
378
372
357
328
286
230
162
78
-16
-123
-245
-375
-517
-667
-824
-986
-1154
-1323
-1491
-1659
-1823
-1983
-2136
-2281
-2414
-2537
-2645
-2740
-2819
-2882
-2927
-2956
-2967
-2960
-2938
-2895
-2839
-2767
-2680
-2580
-2469
-2347
-2219
-2084
-1941
-1798
-1653
-1508
-1367
-1231
-1099
-976
-863
-761
-669
-590
-525
-472
-435
-412
-402
-407
-425
-455
-497
-549
-611
-680
-756
-837
-920
-1006
-1090
-1172
-1251
-1324
-1389
-1446
-1494
-1530
-1556
-1569
-1567
-1553
-1526
-1483
-1428
-1359
-1280
-1188
-1085
-975
-855
-729
-599
-467
-331
-197
-67
61
181
293
399
493
573
644
699
738
763
773
764
742
704
649
583
501
408
303
190
67
-61
-194
-330
-465
-601
-733
-862
-982
-1096
-1199
-1292
-1373
-1440
-1493
-1530
-1552
-1559
-1551
-1526
-1488
-1433
-1367
-1288
-1197
-1097
-987
-871
-751
-627
-500
-375
-250
-130
-16
93
192
281
359
427
479
520
547
558
557
542
513
470
419
352
279
199
109
13
-84
-185
-285
-383
-479
-568
-652
-726
-792
-847
-888
-918
-933
-935
-921
-894
-851
-794
-723
-639
-545
-437
-321
-196
-65
72
213
355
495
635
771
899
1021
1134
1237
1328
1407
1470
1521
1554
1572
1575
1562
1534
1491
1433
1362
1280
1185
1083
971
852
731
606
480
358
237
118
10
-93
-188
-268
-339
-397
-439
-466
-480
-478
-462
-430
-384
-324
-251
-167
-71
34
147
265
387
513
640
766
890
1010
1123
1231
1327
1414
1491
1554
1603
1642
1664
1673
1669
1650
1618
1575
1519
1452
1377
1294
1205
1111
1014
914
816
720
628
541
462
391
331
282
246
223
212
218
238
272
322
385
463
553
655
766
888
1017
1153
1293
1437
1581
1723
1863
1997
2125
2245
2354
2452
2538
2609
2665
2706
2730
2737
2727
2701
2657
2597
2523
2435
2331
2217
2092
1955
1814
1666
1513
1359
1205
1051
903
758
618
488
367
255
156
69
-7
-67
-115
-150
-170
-180
-176
-162
-137
-105
-63
-17
35
91
144
200
253
303
346
384
413
431
439
436
419
389
347
288
218
133
34
-76
-197
-330
-473
-622
-780
-940
-1103
-1267
-1434
-1595
-1753
-1905
-2048
-2181
-2304
-2413
-2507
-2589
-2651
-2698
-2728
-2739
-2733
-2709
-2667
-2608
-2535
-2444
-2341
-2226
-2099
-1963
-1818
-1668
-1514
-1359
-1200
-1047
-895
-748
-608
-479
-355
-243
-145
-57
16
75
121
153
170
176
170
150
121
81
33
-22
-81
-145
-211
-276
-341
-403
-458
-510
-554
-588
-614
-628
-632
-621
-599
-565
-517
-458
-387
-303
-210
-108
4
121
244
372
499
628
755
876
994
1104
1206
1297
1376
1441
1492
1528
1546
1547
1531
1496
1445
1376
1288
1185
1067
932
786
628
458
281
100
-90
-282
-474
-667
-856
-1040
-1218
-1388
-1546
-1696
-1832
-1954
-2063
-2157
-2235
-2298
-2346
-2377
-2395
-2397
-2387
-2365
-2330
-2289
-2237
-2177
-2113
-2046
-1975
-1906
-1837
-1771
-1710
-1655
-1608
-1568
-1537
-1516
-1507
-1507
-1519
-1542
-1577
-1622
-1676
-1741
-1810
-1889
-1972
-2060
-2150
-2241
-2330
-2418
-2500
-2576
-2645
-2701
-2748
-2782
-2802
-2807
-2798
-2770
-2725
-2664
-2582
-2484
-2369
-2238
-2088
-1927
-1749
-1559
-1361
-1149
-932
-709
-482
-252
-26
201
421
639
847
1044
1233
1408
1570
1717
1850
1963
2063
2145
2209
2260
2292
2310
2313
2304
2281
2249
2206
2157
2101
2041
1978
1913
1852
1789
1733
1681
1636
1598
1569
1551
1541
1544
1556
1580
1613
1658
1711
1774
1843
1920
2002
2087
2175
2263
2351
2437
2518
2591
2659
2716
2762
2798
2819
2825
2817
2792
2750
2694
2619
2528
2421
2297
2161
2008
1844
1671
1486
1292
1095
891
684
480
275
74
-120
-307
-486
-652
-806
-950
-1075
-1186
-1281
-1358
-1417
-1460
-1484
-1491
-1484
-1459
-1419
-1367
-1301
-1224
-1139
-1045
-945
-841
-735
-627
-523
-420
-321
-228
-141
-63
5
63
110
146
171
183
185
175
155
124
86
39
-14
-73
-132
-196
-260
-319
-379
-434
-480
-521
-553
-571
-579
-576
-556
-525
-478
-414
-338
-247
-139
-21
112
257
412
576
748
926
1106
1291
1475
1658
1839
2013
2180
2338
2485
2619
2741
2846
2935
3008
3064
3101
3120
3120
3101
3067
3013
2945
2861
2763
2654
2533
2403
2263
2120
1971
1821
1670
1522
1374
1234
1102
974
857
748
653
566
494
433
385
349
327
314
311
320
334
359
389
422
459
498
536
570
603
628
646
657
659
648
628
593
546
487
411
323
221
106
-23
-161
-314
-473
-640
-817
-995
-1179
-1364
-1549
-1730
-1908
-2079
-2243
-2398
-2540
-2671
-2788
-2890
-2973
-3043
-3093
-3125
-3140
-3137
-3115
-3077
-3022
-2952
-2868
-2769
-2661
-2541
-2414
-2281
-2141
-2001
-1858
-1716
-1578
-1444
-1315
-1196
-1085
-983
-894
-818
-754
-702
-666
-642
-631
-634
-650
-676
-714
-761
-816
-877
-944
-1014
-1087
-1160
-1230
-1299
-1362
-1419
-1468
-1507
-1536
-1554
-1559
-1553
-1533
-1498
-1450
-1389
-1314
-1227
-1129
-1019
-901
-775
-640
-501
-359
-213
-69
73
213
346
472
590
696
790
873
941
993
1031
1051
1056
1043
1014
969
909
834
745
646
531
410
281
144
3
-139
-285
-427
-565
-702
-829
-949
-1060
-1160
-1246
-1321
-1380
-1425
-1456
-1470
-1470
-1454
-1425
-1381
-1324
-1256
-1177
-1088
-993
-892
-785
-678
-568
-459
-351
-250
-153
-64
16
86
144
191
225
247
253
248
228
196
151
93
26
-53
-138
-232
-328
-431
-535
-640
-743
-844
-940
-1028
-1111
-1180
-1241
-1289
-1322
-1342
-1350
-1339
-1314
-1275
-1217
-1148
-1063
-965
-853
-734
-602
-463
-319
-167
-13
143
297
450
597
739
873
995
1110
1211
1301
1374
1435
1478
1507
1519
1517
1498
1464
1418
1358
1287
1204
1113
1014
909
799
690
577
466
361
258
163
76
-2
-70
-123
-167
-196
-209
-210
-197
-168
-125
-71
0
80
170
271
379
493
614
737
858
982
1103
1219
1331
1435
1530
1616
1691
1752
1801
1836
1857
1863
1855
1832
1795
1746
1683
1610
1526
1433
1333
1227
1118
1005
892
780
671
566
468
378
298
228
170
126
96
79
79
93
122
166
225
297
383
480
588
706
829
960
1094
1234
1371
1508
1643
1772
1894
2010
2113
2204
2286
2351
2403
2440
2460
2463
2453
2424
2380
2321
2247
2161
2062
1952
1832
1705
1572
1433
1293
1150
1010
871
737
610
490
377
276
186
106
41
-12
-52
-78
-90
-92
-78
-54
-20
25
77
136
200
268
337
407
475
539
599
652
698
734
759
771
773
758
731
689
632
563
478
379
267
145
8
-134
-286
-445
-607
-773
-940
-1106
-1269
-1429
-1581
-1727
-1861
-1986
-2096
-2192
-2274
-2339
-2389
-2421
-2436
-2433
-2414
-2377
-2325
-2256
-2174
-2080
-1971
-1857
-1732
-1599
-1462
-1324
-1181
-1040
-903
-767
-640
-518
-406
-304
-214
-134
-68
-15
26
52
64
63
50
25
-10
-56
-109
-169
-237
-307
-381
-455
-528
-598
-665
-724
-776
-820
-853
-878
-889
-889
-874
-847
-807
-752
-685
-606
-515
-414
-303
-183
-58
73
208
344
479
614
744
868
983
1090
1187
1270
1342
1398
1436
1460
1467
1454
1425
1378
1313
1232
1135
1021
895
756
604
444
276
101
-78
-257
-440
-619
-796
-969
-1133
-1290
-1437
-1572
-1695
-1806
-1900
-1982
-2049
-2099
-2137
-2159
-2167
-2162
-2145
-2115
-2076
-2030
-1977
-1916
-1854
-1788
-1721
-1657
-1593
-1534
-1482
-1436
-1398
-1371
-1352
-1345
-1350
-1365
-1392
-1431
-1482
-1541
-1612
-1692
-1779
-1873
-1971
-2073
-2176
-2282
-2383
-2483
-2576
-2663
-2740
-2809
-2865
-2905
-2934
-2945
-2942
-2920
-2880
-2822
-2748
-2654
-2543
-2417
-2270
-2114
-1942
-1756
-1560
-1357
-1143
-927
-707
-482
-262
-42
175
382
582
775
956
1124
1279
1419
1544
1654
1749
1825
1888
1934
1965
1981
1985
1976
1956
1928
1889
1846
1795
1745
1692
1639
1588
1539
1496
1459
1430
1408
1397
1395
1405
1424
1454
1496
1548
1611
1681
1762
1848
1942
2039
2139
2241
2341
2440
2536
2628
2709
2785
2850
2901
2941
2966
2975
2968
2946
2904
2848
2773
2681
2572
2449
2308
2154
1990
1812
1626
1433
1232
1027
822
615
410
210
14
-173
-350
-518
-672
-812
-939
-1049
-1144
-1222
-1281
-1325
-1351
-1361
-1355
-1334
-1299
-1252
-1192
-1122
-1044
-960
-869
-776
-681
-585
-492
-404
-318
-239
-168
-106
-53
-10
22
42
51
49
36
14
-20
-63
-111
-169
-231
-296
-364
-434
-501
-566
-627
-679
-726
-764
-792
-806
-810
-798
-772
-732
-675
-602
-516
-413
-295
-165
-19
136
303
479
662
852
1045
1240
1433
1627
1815
1999
2174
2340
2496
2638
2766
2878
2975
3053
3115
3158
3183
3189
3179
3150
3104
3044
2966
2877
2775
2664
2542
2415
2282
2144
2006
1866
1730
1596
1468
1346
1233
1127
1033
950
875
815
765
727
700
686
680
686
698
718
746
776
810
845
881
913
944
968
988
998
996
987
963
929
880
818
740
651
544
424
293
146
-10
-178
-355
-542
-732
-928
-1127
-1325
-1524
-1720
-1910
-2093
-2268
-2432
-2585
-2725
-2850
-2957
-3050
-3125
-3180
-3220
-3239
-3242
-3225
-3192
-3142
-3077
-2996
-2904
-2801
-2685
-2565
-2436
-2303
-2169
-2034
-1897
-1765
-1639
-1516
-1403
-1299
-1204
-1120
-1050
-991
-944
-911
-891
-882
-887
-904
-928
-965
-1010
-1060
-1117
-1177
-1238
-1302
-1366
-1424
-1481
-1531
-1572
-1606
-1630
-1641
-1641
-1629
-1602
-1563
-1510
-1442
-1362
-1269
-1162
-1045
-919
-782
-640
-491
-336
-180
-24
134
286
434
576
709
831
944
1042
1126
1197
1250
1286
1308
1310
1294
1264
1216
1151
1073
982
875
760
634
500
359
215
68
-81
-226
-370
-507
-639
-762
-877
-980
-1070
-1149
-1212
-1262
-1297
-1317
-1322
-1314
-1293
-1256
-1209
-1151
-1083
-1006
-923
-834
-743
-649
-555
-466
-376
-293
-216
-147
-86
-38
1
27
40
40
27
0
-40
-90
-155
-229
-313
-407
-508
-614
-725
-839
-949
-1064
-1173
-1277
-1377
-1469
-1549
-1620
-1679
-1723
-1754
-1768
-1768
-1750
-1718
-1668
-1603
-1524
-1428
-1320
-1198
-1066
-922
-774
-617
-455
-290
-125
39
203
360
511
655
789
911
1022
1118
1201
1271
1323
1361
1383
1390
1381
1359
1322
1274
1215
1144
1067
981
890
796
701
604
512
421
336
260
189
129
80
43
16
7
8
23
54
97
154
222
303
394
495
603
718
838
962
1086
1211
1334
1452
1565
1671
1769
1857
1934
1997
2049
2085
2106
2115
2105
2082
2045
1992
1926
1849
1758
1658
1551
1434
1314
1189
1062
937
812
690
574
465
364
274
195
128
75
36
12
4
10
32
70
121
186
266
355
456
566
683
804
931
1061
1190
1319
1444
1564
1677
1782
1876
1960
2032
2088
2132
2160
2174
2171
2154
2120
2073
2011
1936
1849
1749
1643
1527
1403
1276
1146
1012
883
754
626
508
394
291
198
113
42
-16
-63
-94
-112
-117
-107
-86
-52
-8
48
111
183
260
343
428
514
599
681
760
830
896
951
996
1031
1051
1059
1050
1029
992
940
872
792
694
587
467
333
193
43
-113
-275
-437
-604
-767
-925
-1082
-1233
-1375
-1507
-1631
-1737
-1833
-1914
-1978
-2026
-2058
-2073
-2071
-2055
-2019
-1971
-1909
-1832
-1743
-1646
-1536
-1421
-1303
-1177
-1052
-925
-800
-678
-563
-452
-350
-259
-176
-107
-49
-4
28
45
51
41
20
-12
-57
-112
-175
-244
-322
-403
-488
-573
-658
-741
-820
-894
-959
-1018
-1066
-1101
-1127
-1140
-1137
-1122
-1094
-1051
-993
-923
-840
-743
-638
-524
-399
-269
-134
6
146
285
425
557
685
806
914
1014
1102
1175
1234
1277
1303
1312
1305
1279
1236
1176
1100
1009
903
783
652
510
358
200
37
-132
-300
-468
-634
-796
-953
-1103
-1244
-1374
-1494
-1601
-1694
-1774
-1840
-1891
-1928
-1951
-1959
-1955
-1939
-1911
-1873
-1827
-1772
-1712
-1647
-1583
-1515
-1448
-1384
-1324
-1270
-1223
-1183
-1152
-1134
-1124
-1128
-1143
-1171
-1209
-1263
-1326
-1399
-1483
-1576
-1677
-1783
-1896
-2009
-2126
-2243
-2356
-2467
-2570
-2668
-2755
-2832
-2896
-2947
-2981
-3001
-3004
-2988
-2956
-2905
-2835
-2748
-2645
-2522
-2385
-2235
-2069
-1893
-1705
-1508
-1304
-1097
-884
-672
-460
-251
-47
151
340
521
690
849
992
1123
1238
1338
1423
1492
1546
1585
1612
1623
1625
1613
1592
1563
1527
1486
1441
1396
1348
1304
1263
1226
1193
1171
1154
1146
1152
1165
1191
1228
1276
1334
1405
1483
1571
1669
1771
1881
1993
2109
2225
2340
2452
2559
2659
2752
2837
2908
2969
3015
3046
3060
3060
3039
3002
2948
2875
2786
2680
2557
2420
2269
2104
1931
1744
1553
1359
1155
953
751
548
352
162
-23
-196
-358
-511
-646
-767
-875
-966
-1040
-1099
-1140
-1165
-1175
-1170
-1150
-1117
-1074
-1018
-954
-883
-805
-723
-640
-555
-471
-391
-314
-243
-179
-124
-77
-40
-14
2
6
-1
-19
-48
-87
-135
-190
-253
-322
-395
-471
-548
-625
-700
-770
-835
-894
-940
-979
-1007
-1019
-1021
-1007
-976
-931
-870
-789
-696
-587
-460
-323
-171
-5
169
351
543
740
939
1142
1344
1543
1737
1927
2106
2279
2439
2585
2718
2836
2937
3020
3087
3134
3165
3176
3172
3149
3110
3055
2988
2907
2814
2713
2601
2486
2364
2240
2113
1989
1867
1747
1634
1527
1429
1339
1260
1190
1132
1085
1050
1026
1012
1010
1014
1030
1052
1079
1110
1148
1183
1223
1260
1291
1320
1342
1356
1358
1353
1333
1301
1258
1197
1123
1033
929
808
676
528
368
196
15
-177
-376
-581
-791
-1002
-1215
-1424
-1632
-1833
-2026
-2211
-2384
-2546
-2693
-2827
-2942
-3042
-3123
-3187
-3230
-3257
-3265
-3254
-3229
-3185
-3127
-3054
-2969
-2872
-2767
-2653
-2533
-2409
-2283
-2159
-2033
-1911
-1794
-1683
-1579
-1485
-1400
-1326
-1265
-1213
-1176
-1151
-1138
-1135
-1145
-1165
-1193
-1232
-1276
-1326
-1381
-1439
-1496
-1553
-1608
-1658
-1705
-1743
-1773
-1793
-1802
-1800
-1784
-1754
-1712
-1655
-1583
-1499
-1400
-1288
-1165
-1031
-886
-734
-575
-409
-243
-73
98
265
428
588
738
878
1010
1127
1231
1321
1393
1450
1489
1511
1515
1502
1470
1423
1359
1279
1187
1082
965
839
706
564
420
273
125
-21
-163
-302
-433
-554
-669
-771
-862
-941
-1005
-1056
-1093
-1116
-1124
-1120
-1102
-1073
-1031
-982
-923
-855
-784
-707
-629
-549
-471
-394
-325
-260
-201
-152
-113
-84
-67
-63
-70
-93
-126
-174
-234
-307
-390
-484
-587
-696
-815
-935
-1060
-1186
-1311
-1433
-1552
-1665
-1769
-1867
-1950
-2024
-2084
-2129
-2156
-2171
-2169
-2146
-2110
-2056
-1984
-1898
-1798
-1680
-1554
-1415
-1263
-1107
-942
-774
-603
-431
-259
-90
75
231
381
522
650
768
871
961
1037
1097
1141
1172
1187
1187
1175
1148
1111
1063
1007
941
870
794
714
636
557
481
409
343
283
235
194
165
148
141
150
172
206
253
316
389
473
568
673
785
906
1031
1158
1290
1420
1548
1674
1795
1906
2011
2106
2187
2260
2317
2359
2387
2400
2396
2376
2341
2290
2226
2147
2056
1953
1841
1719
1590
1457
1320
1181
1042
908
775
649
530
420
319
231
156
95
48
16
-1
-2
12
41
85
141
211
292
383
483
591
702
819
936
1053
1169
1283
1390
1490
1584
1664
1736
1795
1840
1871
1890
1891
1878
1853
1810
1755
1688
1606
1515
1414
1304
1190
1070
945
820
693
570
449
335
226
127
38
-42
-108
-162
-203
-230
-242
-241
-225
-197
-155
-100
-35
39
122
213
308
409
511
613
713
812
904
989
1067
1132
1189
1232
1263
1279
1280
1267
1236
1191
1130
1056
964
864
748
622
486
343
193
38
-118
-279
-435
-590
-739
-883
-1018
-1143
-1259
-1361
-1451
-1526
-1586
-1630
-1659
-1670
-1668
-1648
-1614
-1566
-1504
-1432
-1348
-1255
-1154
-1048
-935
-825
-711
-596
-487
-381
-281
-190
-108
-33
26
76
114
135
145
141
124
93
52
-4
-69
-143
-226
-315
-409
-506
-606
-706
-805
-899
-990
-1073
-1148
-1214
-1269
-1311
-1340
-1357
-1358
-1346
-1319
-1277
-1220
-1149
-1067
-970
-864
-748
-624
-493
-357
-217
-75
64
204
337
464
586
697
795
883
956
1014
1058
1086
1096
1089
1068
1026
970
899
812
712
600
475
342
201
52
-100
-254
-411
-565
-716
-863
-1003
-1135
-1259
-1372
-1472
-1562
-1637
-1698
-1747
-1779
-1798
-1806
-1798
-1777
-1748
-1706
-1655
-1598
-1534
-1465
-1393
-1321
-1249
-1179
-1113
-1052
-997
-953
-915
-889
-876
-873
-883
-906
-942
-989
-1052
-1124
-1208
-1303
-1407
-1518
-1634
-1758
-1882
-2009
-2133
-2256
-2375
-2489
-2594
-2689
-2775
-2845
-2903
-2946
-2971
-2980
-2973
-2945
-2901
-2840
-2759
-2663
-2549
-2420
-2276
-2121
-1952
-1777
-1592
-1398
-1203
-1003
-803
-604
-410
-217
-35
141
308
460
603
733
850
950
1037
1109
1166
1209
1239
1254
1258
1253
1234
1210
1178
1140
1098
1056
1011
967
928
892
864
841
828
822
828
845
873
912
964
1027
1101
1188
1281
1386
1498
1616
1740
1867
1996
2125
2254
2378
2498
2608
2712
2805
2888
2955
3008
3048
3068
3073
3060
3028
2979
2913
2827
2725
2610
2476
2331
2172
2003
1824
1640
1448
1255
1060
863
670
481
298
123
-42
-197
-339
-468
-582
-683
-766
-834
-886
-923
-944
-949
-942
-921
-887
-844
-791
-730
-664
-592
-516
-441
-365
-291
-222
-158
-100
-49
-9
23
44
54
53
41
18
-17
-62
-116
-180
-251
-327
-409
-495
-582
-671
-758
-840
-919
-991
-1054
-1107
-1150
-1178
-1194
-1196
-1181
-1150
-1103
-1039
-957
-861
-747
-619
-477
-321
-152
26
214
408
608
812
1016
1221
1423
1620
1810
1994
2167
2328
2478
2611
2731
2834
2919
2987
3039
3072
3088
3088
3069
3036
2988
2927
2853
2771
2677
2577
2473
2364
2253
2141
2031
1922
1820
1722
1633
1551
1478
1417
1364
1323
1292
1274
1265
1267
1277
1297
1325
1359
1398
1439
1485
1526
1570
1611
1647
1675
1698
1711
1712
1703
1680
1642
1589
1524
1439
1342
1230
1098
956
798
626
443
251
45
-162
-377
-598
-818
-1039
-1259
-1476
-1684
-1888
-2080
-2261
-2429
-2582
-2721
-2844
-2950
-3036
-3107
-3157
-3189
-3204
-3201
-3180
-3145
-3094
-3029
-2954
-2866
-2770
-2667
-2559
-2445
-2332
-2218
-2104
-1997
-1893
-1795
-1705
-1625
-1552
-1492
-1443
-1404
-1378
-1364
-1362
-1367
-1386
-1414
-1448
-1492
-1541
-1593
-1649
-1707
-1762
-1818
-1868
-1912
-1952
-1984
-2002
-2013
-2012
-1995
-1967
-1925
-1867
-1795
-1710
-1608
-1494
-1367
-1227
-1077
-919
-750
-576
-399
-216
-35
146
326
500
667
828
977
1114
1239
1349
1443
1522
1582
1625
1651
1658
1647
1619
1574
1512
1436
1346
1242
1129
1007
875
739
598
455
311
170
32
-103
-230
-348
-457
-555
-642
-718
-780
-827
-864
-885
-893
-891
-873
-846
-810
-765
-711
-652
-589
-522
-455
-388
-322
-261
-206
-156
-118
-86
-65
-56
-60
-76
-105
-148
-203
-273
-353
-445
-548
-662
-782
-912
-1046
-1183
-1324
-1463
-1601
-1736
-1866
-1985
-2101
-2205
-2294
-2374
-2436
-2485
-2515
-2530
-2526
-2506
-2467
-2413
-2341
-2251
-2148
-2029
-1899
-1755
-1603
-1442
-1275
-1103
-930
-755
-579
-409
-241
-82
72
214
346
466
572
666
746
811
860
897
917
926
920
902
875
836
790
737
681
619
557
492
431
373
318
272
233
203
183
176
179
195
225
267
321
390
470
561
666
777
899
1025
1159
1296
1435
1576
1714
1851
1981
2106
2222
2328
2422
2504
2572
2626
2664
2686
2692
2682
2654
2610
2553
2477
2390
2290
2176
2054
1923
1784
1641
1496
1347
1200
1056
914
781
654
536
429
334
252
183
129
90
65
57
64
83
118
167
226
298
379
467
563
663
767
871
975
1076
1175
1267
1352
1429
1496
1551
1595
1626
1641
1645
1633
1607
1568
1515
1449
1372
1284
1183
1078
965
844
723
601
474
352
235
118
11
-87
-177
-256
-321
-376
-415
-438
-451
-446
-427
-394
-348
-287
-216
-132
-39
63
170
283
400
517
636
751
863
968
1068
1157
1237
1304
1358
1399
1424
1436
1430
1410
1373
1321
1256
1173
1080
974
857
730
597
455
310
163
14
-133
-277
-417
-552
-674
-790
-896
-988
-1067
-1134
-1184
-1219
-1243
-1246
-1238
-1216
-1177
-1126
-1067
-991
-908
-821
-722
-622
-519
-413
-309
-209
-111
-20
65
141
206
261
302
332
347
350
337
313
275
222
158
83
-3
-98
-200
-309
-421
-537
-652
-767
-881
-989
-1093
-1188
-1274
-1349
-1414
-1464
-1501
-1524
-1531
-1524
-1502
-1464
-1411
-1346
-1266
-1173
-1070
-957
-834
-707
-575
-437
-301
-164
-28
102
226
344
450
546
632
700
756
799
823
832
825
802
762
707
637
554
458
351
234
108
-26
-163
-304
-448
-590
-730
-867
-998
-1121
-1236
-1341
-1434
-1517
-1586
-1641
-1684
-1711
-1725
-1726
-1713
-1687
-1651
-1604
-1546
-1481
-1410
-1333
-1252
-1171
-1089
-1009
-932
-863
-798
-740
-694
-656
-630
-618
-618
-630
-659
-699
-753
-821
-899
-989
-1091
-1201
-1318
-1443
-1572
-1704
-1838
-1970
-2099
-2223
-2343
-2453
-2555
-2644
-2721
-2785
-2831
-2864
-2878
-2875
-2854
-2817
-2760
-2688
-2598
-2492
-2373
-2239
-2092
-1935
-1769
-1595
-1417
-1234
-1049
-865
-682
-502
-328
-162
-2
145
282
407
519
617
701
771
826
869
896
913
915
907
891
866
831
793
750
703
659
613
570
533
500
474
457
451
453
468
494
533
583
648
723
810
908
1016
1132
1258
1390
1525
1667
1808
1949
2088
2223
2353
2475
2590
2689
2780
2857
2918
2964
2994
3004
2997
2974
2930
2871
2793
2699
2589
2465
2325
2175
2016
1845
1670
1489
1304
1119
937
753
577
406
241
89
-53
-184
-301
-403
-493
-565
-623
-665
-694
-707
-706
-693
-666
-629
-583
-529
-467
-404
-334
-263
-194
-124
-59
1
56
103
140
169
187
194
189
173
146
106
56
-4
-75
-153
-238
-330
-425
-523
-623
-722
-819
-913
-999
-1080
-1150
-1209
-1257
-1292
-1310
-1315
-1304
-1273
-1229
-1166
-1085
-989
-876
-746
-604
-449
-279
-102
85
281
479
682
886
1090
1289
1485
1675
1855
2025
2185
2330
2464
2582
2682
2767
2835
2885
2918
2936
2936
2922
2892
2848
2793
2725
2650
2565
2475
2380
2282
2182
2086
1991
1897
1811
1730
1657
1593
1539
1494
1461
1438
1426
1425
1433
1452
1479
1514
1556
1605
1654
1710
1766
1818
1870
1917
1958
1992
2019
2032
2036
2026
2002
1964
1909
1839
1750
1649
1528
1393
1243
1078
901
711
511
300
85
-138
-363
-591
-818
-1045
-1264
-1479
-1686
-1883
-2070
-2241
-2401
-2543
-2670
-2779
-2870
-2944
-3000
-3039
-3057
-3061
-3047
-3019
-2975
-2922
-2854
-2776
-2691
-2599
-2502
-2402
-2302
-2201
-2104
-2009
-1923
-1840
-1765
-1701
-1644
-1600
-1566
-1543
-1531
-1532
-1541
-1561
-1591
-1628
-1674
-1725
-1781
-1839
-1901
-1961
-2020
-2076
-2126
-2169
-2204
-2230
-2244
-2248
-2238
-2214
-2176
-2122
-2054
-1970
-1871
-1759
-1632
-1491
-1340
-1177
-1004
-825
-639
-448
-256
-62
130
317
500
677
844
1000
1145
1276
1392
1492
1575
1641
1688
1717
1730
1722
1698
1658
1600
1528
1444
1345
1237
1120
996
865
732
595
459
325
195
68
-50
-161
-263
-353
-433
-501
-556
-598
-629
-645
-650
-644
-626
-597
-562
-518
-468
-413
-356
-296
-235
-179
-124
-74
-34
2
28
41
45
37
13
-20
-68
-132
-207
-295
-396
-509
-630
-763
-902
-1048
-1199
-1353
-1507
-1663
-1815
-1961
-2103
-2235
-2358
-2469
-2568
-2652
-2723
-2776
-2810
-2830
-2829
-2811
-2775
-2721
-2649
-2563
-2460
-2342
-2213
-2071
-1918
-1758
-1593
-1420
-1248
-1073
-901
-732
-566
-409
-256
-115
16
136
243
335
417
482
532
573
596
608
609
598
576
548
510
467
423
374
325
276
231
189
154
125
106
96
96
109
134
172
222
287
363
452
553
665
786
917
1056
1199
1349
1500
1652
1805
1955
2099
2238
2370
2490
2602
2699
2782
2852
2906
2941
2963
2966
2950
2920
2871
2808
2727
2634
2527
2410
2281
2144
1999
1850
1699
1545
1392
1243
1096
957
827
703
591
492
405
330
272
227
197
182
182
195
222
261
312
374
444
522
606
693
783
874
963
1050
1131
1206
1275
1335
1383
1421
1448
1459
1459
1446
1416
1376
1322
1254
1174
1086
984
876
762
639
515
387
260
135
13
-106
-217
-321
-414
-496
-567
-624
-667
-695
-709
-706
-689
-655
-607
-546
-470
-383
-284
-177
-58
64
190
322
454
586
715
840
958
1070
1170
1261
1339
1404
1454
1491
1512
1516
1505
1478
1437
1379
1308
1224
1129
1023
909
787
657
525
389
254
120
-11
-138
-256
-367
-470
-559
-639
-705
-758
-796
-822
-831
-826
-808
-775
-732
-676
-610
-533
-450
-359
-264
-164
-65
34
133
225
311
391
463
523
575
613
637
651
647
630
599
554
494
423
338
243
139
24
-98
-225
-355
-489
-621
-753
-880
-1003
-1119
-1227
-1326
-1412
-1487
-1547
-1594
-1625
-1642
-1642
-1626
-1596
-1550
-1491
-1417
-1332
-1235
-1130
-1013
-893
-767
-637
-507
-378
-250
-127
-12
99
199
287
365
429
478
513
534
536
525
500
457
400
332
248
153
50
-63
-183
-308
-439
-571
-702
-834
-961
-1082
-1199
-1306
-1403
-1490
-1565
-1628
-1678
-1713
-1735
-1743
-1737
-1717
-1685
-1640
-1583
-1520
-1445
-1363
-1277
-1185
-1091
-998
-904
-814
-728
-650
-579
-516
-465
-424
-396
-382
-381
-393
-422
-463
-518
-588
-669
-762
-867
-980
-1100
-1230
-1361
-1495
-1631
-1768
-1899
-2027
-2149
-2260
-2364
-2457
-2536
-2600
-2653
-2685
-2703
-2706
-2688
-2655
-2605
-2537
-2453
-2356
-2242
-2118
-1981
-1835
-1681
-1520
-1354
-1186
-1018
-847
-682
-520
-364
-217
-78
51
168
272
366
443
507
558
596
618
628
628
614
592
560
521
477
430
377
325
273
222
177
137
104
79
64
60
69
87
120
165
223
297
379
476
585
703
829
966
1105
1251
1403
1552
1703
1852
1996
2134
2265
2386
2495
2593
2675
2745
2797
2833
2851
2852
2834
2799
2746
2675
2589
2489
2373
2244
2105
1954
1797
1633
1462
1292
1120
949
782
622
465
318
180
53
-62
-163
-251
-325
-383
-428
-458
-473
-474
-463
-440
-406
-362
-310
-252
-186
-120
-50
18
86
151
212
265
312
351
379
397
404
399
381
352
311
257
194
119
35
-57
-156
-261
-369
-481
-590
-701
-809
-911
-1008
-1096
-1174
-1241
-1296
-1335
-1360
-1370
-1361
-1336
-1295
-1234
-1158
-1063
-954
-828
-688
-535
-370
-196
-13
177
373
570
768
967
1162
1351
1536
1710
1873
2028
2167
2293
2406
2502
2580
2646
2692
2721
2738
2736
2720
2693
2651
2597
2535
2465
2386
2303
2217
2129
2041
1956
1873
1795
1723
1659
1603
1556
1519
1492
1477
1472
1479
1495
1522
1559
1603
1655
1712
1776
1841
1909
1976
2042
2103
2161
2210
2251
2283
2302
2310
2303
2281
2242
2190
2119
2031
1928
1807
1668
1516
1351
1167
976
773
560
342
118
-112
-340
-568
-798
-1019
-1235
-1443
-1642
-1827
-2000
-2161
-2304
-2433
-2543
-2637
-2713
-2772
-2812
-2835
-2844
-2834
-2813
-2776
-2728
-2671
-2604
-2528
-2448
-2363
-2276
-2190
-2104
-2022
-1943
-1871
-1806
-1750
-1702
-1665
-1637
-1620
-1615
-1619
-1636
-1661
-1697
-1741
-1794
-1849
-1912
-1979
-2045
-2115
-2182
-2245
-2305
-2359
-2402
-2439
-2463
-2474
-2475
-2461
-2431
-2387
-2328
-2250
-2159
-2053
-1930
-1793
-1645
-1484
-1311
-1131
-941
-746
-548
-346
-145
54
250
440
620
794
956
1105
1241
1361
1465
1553
1622
1674
1708
1724
1721
1702
1666
1614
1549
1469
1378
1277
1167
1050
928
805
678
552
429
309
193
86
-13
-104
-184
-252
-310
-355
-387
-410
-418
-415
-403
-380
-347
-309
-262
-211
-158
-103
-46
9
59
107
147
179
203
216
216
206
182
143
93
27
-53
-145
-251
-371
-499
-641
-789
-944
-1108
-1273
-1443
-1612
-1780
-1944
-2105
-2256
-2400
-2535
-2654
-2761
-2853
-2930
-2988
-3031
-3053
-3059
-3046
-3013
-2964
-2896
-2813
-2714
-2602
-2475
-2338
-2189
-2035
-1874
-1706
-1539
-1369
-1201
-1038
-879
-723
-579
-444
-317
-202
-99
-11
68
130
180
218
243
255
257
249
232
209
178
145
107
69
31
-4
-34
-61
-81
-91
-93
-85
-62
-31
14
73
144
228
326
436
556
690
830
980
1137
1299
1463
1631
1796
1961
2124
2279
2428
2569
2697
2814
2918
3006
3078
3136
3172
3194
3198
3183
3151
3103
3037
2954
2860
2751
2629
2500
2362
2214
2064
1910
1754
1601
1449
1301
1161
1028
903
791
690
600
524
463
416
382
364
359
366
388
422
462
516
577
643
716
791
867
944
1019
1089
1155
1213
1263
1305
1336
1354
1361
1356
1335
1303
1257
1196
1126
1043
947
843
730
608
482
351
216
83
-50
-183
-307
-426
-539
-642
-731
-812
-878
-928
-965
-985
-988
-977
-950
-905
-847
-774
-686
-587
-476
-356
-226
-92
48
191
333
475
616
750
879
1001
1111
1211
1299
1373
1432
1478
1507
1521
1520
1503
1471
1425
1365
1291
1208
1113
1011
903
788
670
550
430
310
197
86
-17
-111
-196
-272
-331
-381
-420
-441
-451
-447
-429
-397
-356
-299
-232
-161
-76
12
106
204
304
400
499
591
678
761
832
894
943
983
1007
1019
1015
997
963
915
853
775
686
584
471
347
216
76
-67
-214
-364
-512
-659
-801
-937
-1066
-1188
-1297
-1396
-1481
-1552
-1610
-1651
-1677
-1686
-1681
-1659
-1623
-1572
-1507
-1431
-1344
-1247
-1141
-1031
-914
-795
-675
-558
-440
-329
-224
-124
-38
41
108
160
200
227
236
232
215
180
133
72
-2
-87
-182
-287
-398
-515
-636
-759
-884
-1007
-1128
-1244
-1354
-1455
-1548
-1630
-1700
-1758
-1803
-1833
-1849
-1853
-1840
-1814
-1775
-1722
-1658
-1584
-1500
-1409
-1311
-1207
-1100
-992
-885
-779
-677
-581
-492
-412
-341
-284
-237
-203
-185
-180
-190
-216
-254
-308
-377
-457
-549
-652
-764
-884
-1012
-1143
-1277
-1411
-1547
-1677
-1803
-1924
-2035
-2136
-2229
-2308
-2370
-2422
-2456
-2473
-2476
-2461
-2428
-2382
-2319
-2239
-2148
-2041
-1923
-1795
-1660
-1514
-1366
-1213
-1058
-906
-754
-604
-460
-325
-195
-77
31
127
210
281
337
381
409
427
429
420
400
369
328
280
226
166
106
43
-20
-81
-138
-191
-235
-273
-301
-316
-321
-313
-293
-256
-209
-146
-70
19
121
235
360
491
635
782
934
1090
1248
1403
1558
1709
1851
1988
2115
2230
2332
2422
2493
2551
2594
2616
2623
2612
2583
2536
2476
2396
2304
2199
2079
1951
1813
1667
1516
1363
1204
1049
895
743
599
462
332
212
105
7
-74
-144
-200
-241
-268
-282
-281
-268
-243
-207
-161
-107
-47
21
92
163
237
309
376
441
500
550
594
627
648
659
657
642
615
576
525
460
385
299
203
100
-11
-128
-246
-368
-491
-610
-725
-838
-942
-1038
-1124
-1197
-1258
-1304
-1334
-1349
-1347
-1326
-1289
-1235
-1162
-1074
-969
-848
-714
-568
-408
-240
-64
119
305
494
686
874
1059
1240
1414
1578
1733
1877
2006
2123
2225
2312
2383
2439
2478
2502
2511
2505
2487
2455
2413
2359
2297
2229
2155
2076
1997
1917
1837
1763
1690
1624
1567
1516
1474
1444
1423
1414
1417
1428
1453
1487
1532
1585
1646
1714
1789
1868
1947
2030
2110
2188
2261
2330
2388
2438
2478
2504
2519
2518
2500
2466
2417
2348
2264
2161
2042
1906
1756
1590
1410
1220
1017
807
589
366
139
-87
-313
-538
-756
-971
-1176
-1371
-1554
-1725
-1881
-2024
-2148
-2257
-2350
-2424
-2483
-2524
-2549
-2559
-2555
-2535
-2503
-2462
-2409
-2351
-2286
-2217
-2143
-2070
-1996
-1925
-1857
-1794
-1739
-1691
-1653
-1623
-1604
-1595
-1597
-1609
-1634
-1667
-1710
-1763
-1822
-1889
-1962
-2037
-2115
-2195
-2273
-2349
-2422
-2487
-2547
-2595
-2634
-2662
-2676
-2674
-2660
-2629
-2581
-2519
-2438
-2342
-2231
-2105
-1961
-1808
-1643
-1463
-1277
-1084
-882
-679
-474
-267
-65
134
329
514
688
854
1006
1143
1267
1373
1462
1534
1589
1625
1644
1646
1630
1600
1553
1493
1420
1336
1243
1142
1034
922
808
694
580
469
361
260
165
80
3
-64
-118
-163
-195
-215
-225
-223
-209
-187
-156
-116
-71
-20
35
92
148
204
258
305
348
383
408
424
429
418
398
363
311
247
168
73
-34
-154
-290
-433
-587
-751
-923
-1098
-1277
-1460
-1641
-1822
-1998
-2168
-2331
-2484
-2625
-2756
-2870
-2970
-3054
-3119
-3167
-3196
-3208
-3199
-3174
-3129
-3068
-2991
-2897
-2792
-2672
-2542
-2400
-2253
-2099
-1941
-1781
-1621
-1462
-1306
-1156
-1012
-876
-748
-632
-524
-431
-350
-279
-223
-179
-145
-124
-115
-112
-122
-138
-159
-187
-216
-246
-277
-307
-330
-350
-364
-370
-367
-353
-327
-289
-240
-174
-97
-6
98
215
343
484
636
794
964
1137
1316
1497
1680
1861
2040
2213
2380
2541
2689
2827
2953
3064
3157
3237
3297
3339
3365
3371
3359
3329
3283
3218
3139
3045
2938
2819
2689
2552
2409
2260
2109
1955
1804
1655
1510
1371
1242
1119
1009
910
822
747
687
640
606
587
580
585
603
631
668
714
767
825
888
951
1016
1080
1140
1195
1246
1287
1321
1343
1355
1356
1344
1317
1279
1227
1161
1084
994
891
781
661
531
396
257
113
-31
-174
-318
-455
-587
-711
-824
-929
-1021
-1100
-1163
-1212
-1245
-1261
-1260
-1243
-1208
-1156
-1091
-1010
-915
-807
-688
-558
-422
-279
-131
20
171
319
468
610
746
874
992
1097
1193
1275
1341
1394
1431
1453
1459
1452
1428
1391
1341
1280
1207
1126
1036
939
840
737
633
530
429
332
240
156
79
14
-42
-85
-116
-134
-140
-129
-108
-75
-26
30
99
177
263
354
453
553
656
761
860
958
1051
1136
1213
1282
1335
1379
1410
1425
1425
1410
1380
1331
1271
1194
1102
997
880
752
614
468
313
156
-6
-170
-332
-491
-646
-796
-937
-1068
-1190
-1300
-1395
-1478
-1544
-1596
-1631
-1650
-1655
-1643
-1617
-1577
-1524
-1458
-1382
-1297
-1203
-1105
-1002
-896
-789
-685
-583
-486
-395
-311
-237
-174
-121
-82
-57
-43
-46
-63
-91
-134
-193
-261
-340
-432
-531
-637
-752
-869
-988
-1109
-1229
-1345
-1460
-1567
-1665
-1757
-1837
-1904
-1961
-2003
-2031
-2045
-2044
-2028
-1998
-1954
-1896
-1825
-1743
-1650
-1549
-1439
-1324
-1206
-1084
-961
-840
-721
-607
-499
-399
-309
-230
-163
-109
-68
-43
-32
-36
-56
-91
-140
-204
-280
-367
-468
-574
-690
-813
-940
-1068
-1200
-1329
-1454
-1576
-1692
-1798
-1895
-1982
-2054
-2114
-2161
-2191
-2207
-2207
-2189
-2156
-2110
-2045
-1970
-1881
-1779
-1667
-1546
-1417
-1282
-1144
-1002
-862
-721
-584
-452
-327
-209
-99
-1
87
161
223
272
307
327
334
329
310
281
239
189
130
65
-8
-82
-159
-237
-311
-384
-451
-513
-565
-610
-643
-664
-672
-668
-650
-614
-567
-504
-427
-337
-234
-117
8
143
289
438
594
753
911
1069
1228
1378
1525
1664
1790
1908
2012
2104
2179
2240
2284
2312
2322
2314
2291
2250
2195
2124
2040
1942
1834
1717
1591
1458
1320
1180
1039
901
762
630
504
385
275
177
89
13
-48
-98
-133
-155
-161
-156
-137
-106
-66
-14
47
116
188
266
347
427
507
586
658
725
785
836
878
909
928
934
929
908
874
828
769
696
613
520
414
302
184
59
-69
-198
-329
-456
-579
-697
-809
-910
-1002
-1082
-1147
-1199
-1235
-1254
-1256
-1242
-1209
-1160
-1094
-1011
-912
-799
-671
-532
-382
-221
-55
118
294
472
651
829
1001
1168
1330
1481
1621
1752
1869
1971
2061
2135
2193
2239
2266
2279
2280
2266
2238
2202
2153
2096
2036
1965
1891
1814
1739
1662
1589
1521
1457
1401
1354
1316
1286
1270
1263
1268
1285
1314
1353
1405
1466
1534
1612
1695
1784
1876
1973
2066
2161
2253
2337
2416
2486
2546
2594
2629
2649
2656
2645
2617
2574
2511
2431
2333
2220
2086
1942
1781
1605
1419
1224
1017
805
589
366
147
-74
-292
-504
-708
-907
-1095
-1270
-1434
-1584
-1719
-1838
-1943
-2028
-2100
-2154
-2191
-2216
-2224
-2219
-2201
-2174
-2134
-2088
-2034
-1975
-1915
-1852
-1789
-1727
-1669
-1616
-1569
-1528
-1498
-1475
-1463
-1463
-1471
-1492
-1524
-1566
-1617
-1680
-1748
-1827
-1909
-1996
-2088
-2181
-2271
-2362
-2451
-2531
-2607
-2674
-2729
-2775
-2807
-2824
-2827
-2815
-2784
-2740
-2677
-2596
-2500
-2388
-2258
-2116
-1961
-1791
-1612
-1426
-1230
-1029
-825
-618
-412
-209
-9
184
368
544
709
858
996
1119
1224
1313
1385
1440
1478
1497
1501
1489
1461
1419
1365
1297
1220
1135
1041
944
842
739
636
534
437
344
257
177
107
45
-5
-45
-74
-91
-96
-92
-76
-49
-16
28
78
132
191
253
314
376
437
489
538
580
613
635
648
645
630
602
557
498
424
335
229
112
-21
-166
-321
-488
-663
-845
-1032
-1222
-1413
-1606
-1794
-1981
-2160
-2329
-2492
-2640
-2776
-2898
-3004
-3092
-3166
-3218
-3254
-3272
-3269
-3249
-3211
-3157
-3086
-3001
-2901
-2790
-2670
-2538
-2400
-2256
-2109
-1960
-1812
-1663
-1521
-1382
-1250
-1128
-1013
-908
-813
-731
-660
-601
-554
-520
-496
-481
-479
-481
-494
-513
-536
-561
-591
-618
-645
-670
-687
-700
-704
-700
-682
-657
-618
-564
-500
-420
-325
-218
-98
39
184
341
510
687
870
1061
1255
1450
1649
1843
2035
2222
2400
2569
2730
2876
3008
3128
3229
3314
3382
3430
3460
3472
3464
3439
3397
3337
3262
3173
3071
2956
2833
2700
2561
2420
2274
2126
1981
1839
1700
1569
1445
1329
1224
1130
1048
979
924
879
849
832
828
832
850
877
911
954
1003
1052
1107
1163
1216
1269
1318
1359
1395
1423
1439
1446
1440
1422
1391
1348
1289
1218
1135
1037
929
811
681
543
401
249
96
-60
-217
-371
-523
-670
-809
-939
-1061
-1168
-1262
-1343
-1408
-1457
-1490
-1505
-1500
-1482
-1444
-1389
-1319
-1235
-1134
-1023
-900
-765
-625
-477
-326
-170
-15
139
291
435
574
706
828
937
1037
1121
1192
1250
1292
1319
1333
1331
1314
1287
1245
1193
1131
1061
983
901
815
726
640
552
469
390
317
251
196
151
114
93
81
84
99
127
166
221
284
359
445
537
636
742
852
959
1073
1182
1288
1392
1487
1573
1651
1717
1768
1809
1833
1843
1835
1813
1774
1717
1646
1558
1455
1339
1211
1069
920
762
597
429
255
82
-92
-261
-428
-587
-738
-879
-1009
-1128
-1232
-1324
-1399
-1460
-1505
-1535
-1548
-1547
-1530
-1500
-1460
-1405
-1343
-1269
-1190
-1105
-1017
-925
-835
-746
-659
-580
-507
-440
-384
-338
-302
-282
-272
-274
-293
-324
-367
-424
-494
-574
-664
-764
-873
-984
-1101
-1224
-1344
-1466
-1586
-1698
-1806
-1910
-2001
-2083
-2155
-2211
-2255
-2286
-2299
-2299
-2284
-2253
-2205
-2146
-2072
-1984
-1886
-1777
-1659
-1534
-1404
-1269
-1135
-998
-863
-732
-606
-487
-376
-276
-187
-111
-48
0
33
52
54
42
14
-29
-85
-154
-236
-328
-429
-538
-651
-770
-891
-1013
-1134
-1252
-1363
-1471
-1569
-1656
-1735
-1799
-1850
-1890
-1914
-1920
-1916
-1893
-1855
-1806
-1741
-1662
-1573
-1475
-1363
-1248
-1124
-996
-866
-735
-604
-475
-353
-234
-124
-25
67
148
214
269
310
336
350
349
334
307
268
216
154
84
5
-79
-169
-261
-354
-446
-537
-622
-701
-775
-837
-891
-932
-961
-975
-977
-961
-933
-888
-830
-756
-668
-568
-453
-329
-195
-52
97
249
407
565
719
876
1026
1169
1307
1434
1548
1652
1742
1816
1876
1921
1948
1959
1956
1933
1898
1847
1779
1702
1613
1513
1404
1292
1169
1046
921
795
671
551
437
330
232
142
65
-1
-55
-96
-123
-136
-135
-120
-95
-55
-4
56
126
203
287
374
466
559
651
741
828
907
982
1047
1101
1145
1178
1197
1203
1196
1173
1137
1088
1023
947
859
761
651
535
411
280
149
14
-122
-252
-381
-505
-619
-723
-820
-902
-971
-1027
-1065
-1089
-1096
-1085
-1057
-1013
-951
-875
-783
-676
-557
-426
-284
-134
22
184
348
514
679
841
999
1152
1296
1431
1557
1670
1770
1857
1931
1988
2032
2061
2075
2076
2063
2037
2000
1954
1896
1833
1764
1691
1614
1536
1461
1386
1315
1251
1193
1142
1103
1072
1053
1048
1052
1069
1100
1141
1193
1259
1332
1416
1508
1605
1708
1812
1920
2027
2133
2234
2332
2420
2500
2570
2627
2671
2699
2712
2708
2689
2650
2595
2521
2430
2323
2199
2059
1905
1739
1559
1372
1175
971
763
553
342
132
-74
-278
-471
-658
-834
-999
-1152
-1290
-1414
-1522
-1618
-1695
-1757
-1805
-1837
-1853
-1860
-1850
-1829
-1802
-1762
-1717
-1668
-1614
-1557
-1502
-1448
-1395
-1348
-1307
-1273
-1246
-1231
-1224
-1229
-1244
-1272
-1309
-1358
-1418
-1487
-1567
-1653
-1747
-1847
-1951
-2056
-2164
-2270
-2371
-2472
-2565
-2650
-2726
-2792
-2843
-2884
-2908
-2915
-2908
-2883
-2840
-2781
-2705
-2610
-2501
-2375
-2234
-2081
-1915
-1737
-1552
-1363
-1162
-962
-760
-556
-357
-163
27
207
377
538
684
815
935
1037
1121
1192
1244
1279
1298
1301
1289
1262
1222
1171
1108
1037
957
872
783
691
598
506
417
332
254
182
118
63
18
-17
-40
-52
-53
-42
-21
10
50
98
154
217
283
352
424
494
562
627
686
739
782
817
838
849
846
827
795
748
681
601
507
394
270
131
-23
-186
-358
-543
-732
-925
-1124
-1323
-1520
-1714
-1906
-2089
-2266
-2431
-2585
-2727
-2852
-2963
-3056
-3133
-3190
-3230
-3252
-3255
-3240
-3209
-3161
-3097
-3019
-2928
-2826
-2713
-2594
-2466
-2335
-2200
-2064
-1929
-1795
-1666
-1542
-1426
-1316
-1217
-1127
-1049
-982
-925
-880
-846
-824
-810
-808
-814
-827
-848
-872
-899
-929
-961
-988
-1016
-1037
-1052
-1059
-1059
-1046
-1022
-988
-937
-874
-797
-704
-596
-477
-341
-192
-32
141
322
513
711
916
1122
1332
1541
1747
1951
2147
2337
2516
2684
2839
2981
3106
3216
3307
3380
3435
3472
3489
3487
3470
3433
3380
3312
3228
3133
3026
2911
2786
2656
2521
2385
2249
2114
1981
1852
1731
1617
1511
1416
1333
1259
1200
1152
1114
1092
1080
1080
1090
1111
1139
1174
1215
1262
1310
1358
1409
1456
1499
1539
1570
1593
1608
1610
1601
1581
1547
1498
1438
1364
1274
1173
1060
932
797
652
497
337
175
5
-163
-332
-499
-660
-816
-964
-1102
-1229
-1343
-1443
-1526
-1596
-1646
-1681
-1697
-1694
-1675
-1638
-1582
-1511
-1427
-1325
-1214
-1090
-955
-813
-665
-512
-357
-203
-49
102
248
385
517
638
748
848
933
1005
1063
1108
1136
1153
1155
1144
1122
1088
1043
990
930
862
791
718
644
569
500
434
372
319
272
236
210
196
192
205
228
263
313
372
445
529
622
723
834
947
1067
1192
1313
1436
1554
1669
1777
1880
1969
2049
2119
2170
2210
2233
2239
2228
2202
2157
2095
2017
1924
1814
1690
1555
1405
1249
1082
910
733
554
371
192
16
-159
-324
-482
-629
-768
-892
-1003
-1101
-1183
-1251
-1304
-1342
-1363
-1372
-1365
-1346
-1315
-1273
-1222
-1163
-1097
-1026
-954
-878
-805
-733
-666
-602
-547
-502
-463
-438
-422
-419
-429
-452
-487
-537
-597
-669
-755
-847
-951
-1063
-1182
-1302
-1430
-1556
-1682
-1808
-1929
-2043
-2152
-2250
-2337
-2416
-2480
-2529
-2566
-2586
-2589
-2578
-2551
-2505
-2448
-2374
-2287
-2186
-2074
-1952
-1820
-1683
-1539
-1392
-1244
-1096
-950
-808
-672
-543
-423
-313
-215
-130
-59
-3
39
64
75
70
50
17
-32
-93
-165
-248
-340
-438
-544
-651
-760
-872
-981
-1086
-1188
-1282
-1367
-1443
-1510
-1562
-1603
-1630
-1642
-1640
-1626
-1594
-1550
-1493
-1421
-1339
-1248
-1145
-1036
-921
-798
-675
-549
-425
-302
-184
-72
33
130
217
290
354
403
440
461
469
462
440
406
357
297
225
145
54
-42
-147
-255
-363
-473
-581
-686
-786
-879
-962
-1038
-1101
-1153
-1191
-1214
-1224
-1216
-1195
-1156
-1104
-1035
-954
-858
-750
-632
-503
-366
-222
-75
77
229
381
530
672
811
941
1063
1172
1271
1355
1427
1480
1523
1548
1555
1551
1529
1493
1444
1382
1306
1224
1130
1027
923
812
701
589
478
368
266
170
81
1
-67
-125
-170
-200
-219
-223
-214
-190
-155
-106
-45
26
108
196
293
393
498
605
713
818
920
1018
1108
1191
1264
1326
1376
1413
1435
1445
1439
1417
1383
1333
1269
1192
1104
1004
893
776
651
520
386
252
115
-18
-146
-271
-387
-492
-588
-672
-741
-798
-839
-862
-872
-864
-838
-797
-741
-667
-581
-482
-369
-246
-115
26
171
320
473
624
774
921
1063
1198
1326
1444
1550
1646
1727
1795
1850
1889
1914
1927
1924
1907
1880
1839
1788
1730
1661
1588
1510
1428
1345
1265
1184
1108
1036
973
917
869
835
809
796
797
810
835
875
927
989
1065
1149
1243
1345
1454
1566
1683
1800
1917
2033
2145
2249
2347
2437
2512
2578
2629
2665
2687
2690
2676
2645
2598
2530
2448
2347
2231
2099
1955
1797
1630
1453
1265
1074
878
680
481
286
91
-95
-274
-448
-607
-758
-896
-1021
-1129
-1226
-1306
-1369
-1421
-1456
-1478
-1485
-1484
-1467
-1443
-1409
-1368
-1320
-1270
-1217
-1163
-1113
-1062
-1019
-980
-948
-923
-908
-905
-911
-930
-960
-1002
-1055
-1122
-1196
-1282
-1377
-1479
-1589
-1704
-1823
-1943
-2065
-2183
-2301
-2412
-2515
-2611
-2697
-2771
-2833
-2881
-2912
-2929
-2928
-2908
-2872
-2819
-2747
-2659
-2556
-2433
-2300
-2152
-1991
-1821
-1643
-1456
-1264
-1073
-877
-682
-491
-304
-123
48
211
363
500
625
735
829
907
971
1016
1047
1060
1061
1046
1017
978
926
866
798
723
642
561
476
392
311
233
160
95
36
-12
-52
-81
-100
-107
-102
-86
-59
-22
26
81
146
215
290
370
451
533
613
691
763
830
889
937
975
1000
1012
1010
992
958
910
843
760
663
548
418
277
121
-47
-223
-410
-602
-799
-1000
-1202
-1402
-1599
-1792
-1977
-2154
-2323
-2477
-2618
-2748
-2858
-2953
-3033
-3091
-3133
-3159
-3166
-3154
-3128
-3084
-3027
-2955
-2873
-2779
-2675
-2566
-2449
-2331
-2208
-2086
-1965
-1847
-1734
-1626
-1526
-1434
-1352
-1278
-1217
-1165
-1126
-1097
-1079
-1073
-1074
-1085
-1103
-1129
-1158
-1194
-1227
-1265
-1303
-1335
-1364
-1387
-1403
-1409
-1407
-1390
-1363
-1321
-1266
-1195
-1109
-1010
-891
-761
-616
-456
-284
-103
92
292
499
716
931
1150
1370
1586
1796
2003
2199
2385
2561
2722
2870
3002
3118
3214
3295
3355
3398
3421
3425
3413
3383
3339
3277
3204
3116
3019
2912
2798
2679
2555
2431
2305
2184
2064
1949
1840
1740
1647
1565
1495
1434
1386
1350
1325
1311
1310
1317
1335
1362
1396
1435
1480
1529
1575
1625
1673
1713
1753
1785
1807
1823
1828
1818
1799
1766
1716
1655
1581
1490
1386
1270
1140
999
848
687
519
345
166
-15
-194
-375
-552
-723
-889
-1045
-1191
-1325
-1445
-1550
-1640
-1713
-1767
-1806
-1824
-1825
-1808
-1773
-1720
-1652
-1568
-1469
-1360
-1239
-1107
-969
-824
-674
-524
-372
-221
-75
66
200
328
443
550
645
727
796
853
896
923
941
942
932
913
883
842
797
743
683
623
560
498
437
381
328
285
248
219
203
196
201
219
251
293
351
419
500
594
695
807
928
1055
1185
1322
1457
1594
1729
1860
1983
2101
2210
2306
2393
2464
2521
2562
2587
2594
2584
2556
2509
2446
2365
2269
2155
2029
1889
1737
1577
1407
1230
1049
868
682
499
319
143
-27
-186
-338
-479
-606
-722
-823
-911
-982
-1041
-1084
-1111
-1127
-1128
-1118
-1095
-1065
-1024
-979
-926
-870
-811
-753
-695
-640
-592
-548
-512
-486
-469
-462
-468
-486
-516
-560
-615
-683
-764
-855
-956
-1068
-1185
-1310
-1442
-1576
-1712
-1850
-1983
-2114
-2242
-2359
-2469
-2570
-2656
-2731
-2794
-2839
-2869
-2885
-2881
-2862
-2827
-2773
-2705
-2622
-2526
-2414
-2293
-2160
-2018
-1871
-1718
-1560
-1403
-1246
-1090
-941
-797
-659
-531
-415
-309
-217
-139
-75
-26
7
24
28
16
-10
-49
-101
-164
-236
-317
-405
-498
-594
-692
-787
-883
-975
-1061
-1141
-1212
-1272
-1323
-1362
-1386
-1400
-1399
-1383
-1356
-1314
-1257
-1190
-1111
-1020
-922
-815
-700
-582
-462
-338
-216
-96
24
135
238
335
422
494
557
607
639
661
666
656
631
593
538
473
394
302
203
96
-19
-140
-263
-389
-514
-638
-758
-871
-978
-1074
-1162
-1235
-1298
-1345
-1379
-1396
-1400
-1387
-1356
-1312
-1252
-1178
-1090
-992
-880
-762
-632
-498
-360
-216
-74
68
207
343
468
591
702
800
892
967
1029
1076
1112
1128
1132
1122
1097
1058
1007
944
870
790
698
604
505
402
299
199
99
4
-82
-165
-236
-298
-347
-385
-408
-419
-417
-398
-368
-322
-264
-193
-112
-18
82
191
307
426
550
672
795
915
1032
1142
1245
1338
1420
1491
1549
1594
1622
1638
1638
1621
1590
1546
1484
1410
1325
1226
1119
1004
883
754
624
491
357
229
102
-19
-131
-234
-329
-408
-475
-530
-568
-591
-600
-590
-566
-526
-471
-401
-319
-224
-118
-3
122
252
387
525
664
803
939
1070
1196
1313
1422
1522
1609
1684
1747
1795
1829
1849
1854
1846
1825
1791
1745
1688
1622
1547
1466
1379
1290
1198
1106
1017
931
850
774
708
650
603
568
545
535
539
557
587
632
689
759
840
933
1034
1144
1260
1380
1504
1629
1753
1872
1992
2103
2206
2302
2385
2455
2512
2555
2579
2591
2583
2558
2517
2458
2381
2289
2182
2058
1924
1776
1618
1451
1281
1102
920
737
553
373
196
26
-138
-291
-436
-567
-686
-794
-885
-964
-1027
-1076
-1110
-1133
-1139
-1133
-1120
-1094
-1059
-1018
-970
-917
-865
-809
-755
-704
-655
-614
-580
-555
-537
-531
-536
-554
-582
-624
-679
-744
-824
-912
-1011
-1120
-1237
-1358
-1488
-1619
-1751
-1886
-2017
-2145
-2268
-2384
-2487
-2584
-2668
-2738
-2793
-2834
-2857
-2863
-2853
-2823
-2778
-2713
-2633
-2536
-2423
-2296
-2156
-2005
-1843
-1674
-1498
-1316
-1133
-952
-767
-588
-414
-244
-85
64
204
329
441
541
623
690
744
780
801
808
800
779
746
702
648
586
518
446
368
291
212
135
62
-7
-70
-124
-170
-207
-231
-246
-250
-241
-220
-189
-146
-92
-30
41
121
205
293
386
479
573
665
752
834
910
975
1031
1074
1104
1120
1123
1106
1076
1029
962
882
785
670
542
400
244
78
-98
-286
-476
-672
-873
-1073
-1270
-1467
-1658
-1841
-2016
-2181
-2333
-2472
-2599
-2707
-2801
-2877
-2936
-2977
-3003
-3010
-3002
-2978
-2937
-2884
-2818
-2741
-2654
-2559
-2458
-2353
-2245
-2137
-2028
-1921
-1819
-1720
-1629
-1546
-1472
-1408
-1353
-1309
-1276
-1255
-1243
-1243
-1252
-1270
-1296
-1331
-1370
-1413
-1460
-1505
-1553
-1596
-1636
-1671
-1701
-1719
-1728
-1728
-1710
-1683
-1640
-1580
-1506
-1417
-1310
-1189
-1054
-901
-735
-557
-368
-167
42
257
476
699
924
1148
1371
1586
1797
1999
2190
2368
2537
2687
2821
2943
3043
3127
3193
3240
3267
3280
3272
3249
3210
3158
3092
3014
2927
2830
2728
2620
2510
2398
2286
2178
2073
1975
1882
1797
1721
1655
1600
1555
1522
1500
1490
1490
1500
1520
1549
1585
1628
1675
1724
1778
1830
1880
1929
1972
2006
2036
2055
2064
2062
2046
2017
1974
1916
1843
1757
1654
1538
1410
1269
1113
951
779
597
412
223
30
-161
-349
-537
-717
-889
-1054
-1206
-1346
-1473
-1583
-1677
-1755
-1815
-1856
-1879
-1884
-1870
-1839
-1790
-1726
-1647
-1553
-1447
-1331
-1205
-1073
-935
-792
-648
-504
-361
-222
-89
38
158
266
364
452
528
589
640
677
701
713
713
702
681
651
613
569
520
466
412
358
304
253
210
170
138
117
106
103
117
138
175
227
288
364
453
553
663
786
915
1053
1198
1345
1496
1647
1798
1944
2088
2223
2351
2467
2573
2666
2744
2806
2851
2880
2889
2881
2855
2810
2748
2669
2573
2459
2334
2194
2043
1881
1713
1535
1357
1175
991
810
630
455
287
128
-24
-163
-291
-405
-507
-595
-668
-730
-774
-806
-826
-833
-827
-813
-790
-758
-724
-681
-639
-596
-552
-509
-474
-441
-414
-399
-391
-395
-410
-437
-474
-528
-591
-666
-756
-855
-966
-1087
-1216
-1351
-1495
-1638
-1786
-1936
-2083
-2227
-2368
-2501
-2625
-2742
-2845
-2935
-3012
-3074
-3118
-3147
-3160
-3152
-3130
-3089
-3031
-2958
-2869
-2764
-2649
-2521
-2382
-2234
-2080
-1921
-1757
-1594
-1432
-1270
-1115
-965
-824
-691
-570
-459
-362
-279
-209
-156
-117
-93
-83
-88
-106
-137
-181
-233
-296
-366
-441
-522
-605
-688
-771
-851
-926
-997
-1060
-1113
-1159
-1192
-1213
-1221
-1217
-1199
-1169
-1125
-1068
-999
-918
-828
-727
-618
-503
-383
-258
-133
-8
115
236
351
460
559
649
729
793
846
885
907
914
906
882
842
789
719
637
543
437
321
198
66
-68
-206
-346
-485
-622
-753
-881
-998
-1107
-1206
-1291
-1363
-1421
-1465
-1492
-1504
-1500
-1480
-1444
-1395
-1331
-1252
-1164
-1064
-955
-838
-715
-587
-458
-326
-198
-72
50
165
273
370
458
534
598
648
684
707
714
708
689
658
611
558
490
414
332
242
148
53
-44
-142
-234
-324
-407
-483
-551
-608
-654
-685
-707
-712
-703
-680
-643
-590
-526
-448
-355
-254
-141
-19
110
243
382
522
662
800
935
1066
1190
1306
1411
1505
1586
1655
1708
1745
1769
1775
1767
1743
1704
1650
1583
1503
1412
1310
1200
1086
963
840
715
588
465
347
232
126
31
-57
-131
-192
-240
-274
-291
-296
-284
-256
-216
-160
-89
-8
84
188
297
413
538
664
791
920
1045
1167
1285
1394
1495
1587
1667
1734
1791
1833
1860
1874
1874
1858
1831
1789
1735
1671
1596
1512
1421
1324
1223
1120
1016
913
813
718
629
549
476
414
363
326
302
290
295
313
345
393
452
524
609
705
808
923
1042
1165
1294
1422
1549
1673
1795
1908
2015
2113
2198
2272
2334
2378
2407
2423
2417
2398
2361
2307
2237
2153
2053
1938
1814
1675
1529
1375
1214
1051
884
715
550
388
227
76
-68
-203
-327
-438
-539
-624
-697
-756
-798
-829
-845
-849
-839
-819
-789
-749
-701
-650
-593
-531
-472
-410
-352
-298
-249
-206
-174
-150
-136
-136
-146
-169
-205
-257
-318
-395
-483
-581
-691
-811
-937
-1070
-1211
-1351
-1495
-1639
-1780
-1917
-2047
-2172
-2287
-2390
-2481
-2560
-2622
-2671
-2702
-2715
-2712
-2690
-2651
-2595
-2524
-2434
-2332
-2215
-2085
-1944
-1794
-1635
-1471
-1305
-1133
-964
-795
-632
-472
-320
-175
-42
81
192
287
371
439
491
530
554
562
558
540
509
467
417
357
290
220
144
68
-8
-85
-158
-226
-288
-343
-389
-425
-451
-464
-467
-457
-435
-401
-355
-299
-230
-153
-69
25
123
225
331
436
540
643
741
832
916
990
1052
1103
1140
1161
1168
1158
1131
1087
1027
948
854
744
618
480
328
164
-7
-188
-376
-566
-761
-957
-1149
-1340
-1524
-1702
-1869
-2029
-2173
-2306
-2427
-2530
-2617
-2690
-2744
-2781
-2804
-2808
-2797
-2774
-2734
-2683
-2620
-2547
-2464
-2376
-2283
-2186
-2087
-1990
-1892
-1800
-1713
-1629
-1554
-1487
-1431
-1382
-1347
-1321
-1307
-1305
-1311
-1329
-1355
-1392
-1433
-1484
-1538
-1595
-1655
-1715
-1774
-1829
-1878
-1920
-1957
-1982
-1996
-1998
-1987
-1961
-1919
-1862
-1786
-1697
-1591
-1466
-1328
-1176
-1005
-826
-635
-430
-221
-3
221
445
670
899
1120
1337
1551
1752
1944
2126
2293
2444
2582
2701
2805
2889
2957
3006
3038
3054
3050
3033
3000
2954
2895
2829
2750
2664
2573
2478
2381
2283
2187
2093
2005
1921
1846
1779
1720
1672
1634
1608
1592
1588
1593
1610
1636
1670
1711
1760
1814
1871
1932
1993
2051
2107
2160
2204
2243
2274
2289
2298
2292
2271
2238
2191
2124
2045
1951
1839
1715
1579
1426
1264
1093
910
721
528
329
129
-69
-267
-460
-645
-824
-994
-1151
-1296
-1427
-1541
-1640
-1722
-1785
-1830
-1856
-1865
-1856
-1829
-1785
-1726
-1652
-1565
-1466
-1356
-1238
-1113
-984
-850
-716
-582
-449
-321
-199
-82
25
123
210
288
352
404
446
473
490
494
488
471
446
411
372
328
279
229
178
128
80
37
1
-28
-48
-58
-56
-44
-18
21
73
139
220
312
418
537
664
803
950
1103
1262
1426
1590
1756
1921
2080
2234
2381
2519
2644
2760
2858
2943
3011
3063
3097
3112
3109
3085
3045
2985
2910
2817
2709
2587
2450
2303
2145
1981
1808
1633
1455
1276
1098
926
756
593
439
292
158
34
-77
-175
-259
-331
-389
-433
-466
-486
-496
-493
-484
-466
-442
-413
-381
-348
-316
-286
-257
-236
-220
-212
-212
-226
-247
-280
-328
-387
-459
-544
-641
-749
-871
-1000
-1139
-1288
-1440
-1599
-1761
-1923
-2084
-2246
-2401
-2552
-2695
-2827
-2950
-3060
-3156
-3236
-3302
-3348
-3378
-3391
-3385
-3361
-3319
-3260
-3184
-3094
-2986
-2868
-2737
-2598
-2446
-2290
-2129
-1963
-1799
-1634
-1471
-1314
-1163
-1019
-886
-763
-650
-551
-466
-394
-337
-296
-267
-253
-253
-267
-289
-324
-370
-421
-482
-547
-614
-685
-755
-822
-888
-948
-999
-1046
-1083
-1108
-1123
-1127
-1116
-1095
-1059
-1010
-949
-877
-790
-696
-591
-476
-356
-231
-100
32
164
297
423
545
662
769
867
956
1030
1089
1137
1167
1180
1179
1162
1126
1077
1011
929
836
729
610
482
347
202
56
-93
-243
-395
-543
-684
-822
-949
-1068
-1175
-1271
-1351
-1420
-1472
-1507
-1530
-1534
-1523
-1498
-1458
-1403
-1337
-1258
-1170
-1074
-970
-860
-747
-631
-514
-402
-289
-184
-85
7
89
159
219
268
301
325
333
327
308
277
233
178
116
41
-40
-126
-219
-315
-408
-506
-600
-687
-772
-848
-914
-970
-1017
-1047
-1068
-1074
-1064
-1039
-999
-944
-873
-790
-693
-584
-462
-332
-193
-46
105
261
417
574
728
878
1021
1157
1286
1403
1510
1602
1681
1744
1792
1825
1841
1841
1826
1796
1750
1693
1621
1539
1447
1348
1239
1129
1014
900
785
672
563
460
366
279
204
139
87
49
24
15
19
37
70
117
177
249
333
425
526
636
748
865
987
1105
1224
1340
1449
1553
1650
1734
1810
1874
1923
1960
1983
1991
1984
1964
1929
1881
1820
1746
1662
1569
1468
1360
1246
1130
1012
894
779
667
561
462
373
293
224
168
126
97
83
84
99
130
175
234
306
390
485
589
702
820
945
1071
1199
1326
1451
1572
1686
1789
1887
1973
2044
2106
2151
2180
2196
2194
2175
2142
2093
2025
1947
1852
1745
1627
1500
1363
1220
1073
920
769
618
468
322
183
49
-75
-188
-292
-382
-460
-525
-576
-612
-636
-644
-641
-624
-595
-556
-509
-453
-390
-324
-255
-183
-112
-41
24
85
138
185
219
245
257
258
244
219
180
124
57
-24
-119
-225
-340
-468
-601
-740
-887
-1035
-1185
-1336
-1485
-1626
-1766
-1896
-2016
-2127
-2223
-2306
-2374
-2430
-2465
-2486
-2490
-2475
-2443
-2396
-2330
-2250
-2158
-2050
-1932
-1803
-1665
-1520
-1371
-1216
-1061
-908
-755
-608
-468
-332
-207
-93
13
103
180
246
295
330
352
358
351
333
300
257
205
143
74
-1
-78
-159
-240
-319
-394
-467
-532
-591
-642
-681
-711
-730
-734
-727
-709
-675
-630
-573
-504
-424
-336
-238
-133
-24
90
208
323
437
550
656
757
849
930
1001
1059
1101
1130
1143
1137
1116
1078
1022
949
862
755
637
504
357
201
36
-138
-317
-499
-687
-871
-1055
-1236
-1411
-1578
-1736
-1885
-2020
-2143
-2252
-2346
-2424
-2488
-2534
-2564
-2580
-2578
-2563
-2534
-2492
-2439
-2377
-2304
-2225
-2142
-2052
-1962
-1870
-1782
-1694
-1612
-1537
-1468
-1407
-1356
-1315
-1284
-1265
-1256
-1260
-1274
-1300
-1335
-1379
-1432
-1492
-1557
-1627
-1701
-1773
-1847
-1918
-1985
-2045
-2100
-2143
-2176
-2199
-2206
-2201
-2180
-2142
-2088
-2018
-1930
-1825
-1706
-1567
-1417
-1249
-1070
-879
-679
-468
-254
-33
192
415
638
858
1073
1281
1482
1669
1847
2012
2160
2294
2413
2514
2596
2665
2713
2746
2762
2761
2746
2718
2677
2624
2564
2494
2419
2338
2255
2169
2085
2004
1925
1853
1786
1729
1678
1640
1610
1590
1583
1585
1599
1623
1658
1700
1751
1809
1873
1939
2009
2080
2151
2221
2284
2345
2396
2439
2472
2492
2500
2495
2475
2439
2389
2321
2238
2140
2025
1895
1753
1596
1429
1252
1066
871
672
471
265
63
-137
-336
-525
-704
-878
-1037
-1183
-1318
-1434
-1534
-1619
-1684
-1731
-1761
-1772
-1767
-1744
-1705
-1650
-1582
-1502
-1409
-1308
-1198
-1082
-962
-839
-717
-594
-474
-359
-249
-146
-53
32
105
169
220
260
288
304
309
303
287
261
228
188
143
93
43
-9
-60
-108
-153
-191
-223
-246
-260
-259
-250
-227
-187
-137
-72
9
102
207
330
460
603
757
918
1086
1258
1434
1611
1789
1964
2135
2299
2456
2603
2738
2861
2967
3059
3134
3192
3231
3252
3253
3237
3202
3147
3077
2988
2886
2770
2641
2499
2349
2192
2027
1860
1689
1519
1350
1185
1025
872
725
589
463
348
245
153
77
11
-42
-82
-110
-130
-136
-133
-126
-109
-88
-65
-40
-12
9
32
48
56
59
53
35
8
-31
-84
-149
-227
-318
-421
-538
-666
-806
-953
-1113
-1277
-1448
-1623
-1800
-1978
-2155
-2327
-2495
-2658
-2810
-2953
-3084
-3201
-3303
-3390
-3460
-3512
-3546
-3561
-3558
-3536
-3497
-3439
-3365
-3275
-3169
-3052
-2922
-2782
-2635
-2481
-2321
-2158
-1995
-1832
-1672
-1517
-1369
-1226
-1096
-974
-865
-768
-684
-612
-556
-513
-484
-469
-466
-476
-495
-525
-562
-607
-658
-714
-771
-829
-886
-941
-990
-1035
-1072
-1099
-1119
-1127
-1123
-1108
-1080
-1037
-984
-917
-837
-746
-644
-532
-412
-284
-149
-11
131
273
415
553
688
816
934
1045
1145
1232
1306
1364
1407
1435
1443
1435
1412
1369
1312
1239
1150
1047
933
804
667
524
371
216
58
-102
-259
-413
-563
-707
-842
-968
-1082
-1185
-1272
-1347
-1406
-1450
-1478
-1492
-1490
-1473
-1443
-1398
-1342
-1275
-1199
-1113
-1023
-928
-829
-731
-629
-532
-438
-350
-267
-196
-131
-78
-36
-7
10
14
5
-16
-51
-96
-154
-221
-297
-382
-471
-566
-663
-765
-862
-960
-1054
-1141
-1221
-1295
-1356
-1405
-1443
-1464
-1474
-1468
-1447
-1407
-1355
-1286
-1200
-1102
-989
-863
-727
-582
-425
-265
-98
72
241
412
580
744
900
1049
1188
1317
1433
1536
1625
1698
1758
1799
1825
1836
1830
1810
1776
1727
1666
1596
1515
1427
1332
1233
1131
1030
927
829
735
645
564
493
430
379
343
316
304
307
321
350
394
448
514
594
681
778
883
992
1104
1221
1336
1449
1563
1670
1770
1864
1948
2019
2081
2130
2163
2184
2189
2178
2155
2115
2062
1994
1914
1823
1720
1609
1490
1366
1236
1105
972
840
711
587
470
360
261
172
95
32
-18
-53
-73
-77
-66
-41
1
56
122
204
295
393
503
618
737
861
985
1106
1228
1343
1452
1553
1646
1726
1795
1853
1893
1920
1933
1929
1909
1876
1825
1761
1686
1594
1493
1382
1260
1132
1000
861
723
583
446
315
184
63
-51
-156
-250
-331
-402
-457
-498
-528
-541
-543
-530
-505
-466
-419
-360
-294
-219
-139
-57
29
114
196
277
354
422
484
537
577
608
624
626
615
590
548
494
425
342
247
138
20
-110
-247
-391
-540
-691
-844
-996
-1148
-1294
-1435
-1567
-1692
-1804
-1905
-1991
-2063
-2120
-2160
-2184
-2192
-2184
-2156
-2116
-2059
-1986
-1902
-1805
-1696
-1579
-1454
-1321
-1187
-1049
-910
-773
-640
-509
-387
-273
-167
-74
10
80
137
179
209
223
225
213
187
150
101
43
-25
-100
-182
-267
-353
-443
-530
-615
-696
-770
-837
-897
-946
-983
-1010
-1023
-1023
-1010
-984
-943
-890
-825
-748
-659
-561
-456
-341
-222
-101
25
150
272
393
506
612
712
801
876
940
990
1022
1041
1043
1026
993
944
877
795
698
584
459
322
173
17
-147
-317
-487
-662
-836
-1007
-1175
-1337
-1490
-1635
-1770
-1891
-2000
-2097
-2177
-2241
-2293
-2327
-2346
-2351
-2341
-2317
-2281
-2233
-2174
-2110
-2035
-1955
-1871
-1785
-1697
-1610
-1529
-1448
-1375
-1309
-1251
-1201
-1164
-1136
-1119
-1115
-1123
-1142
-1173
-1215
-1265
-1328
-1396
-1470
-1552
-1638
-1725
-1812
-1900
-1982
-2062
-2134
-2198
-2252
-2295
-2323
-2341
-2343
-2327
-2298
-2249
-2184
-2101
-2002
-1884
-1753
-1608
-1444
-1272
-1086
-889
-686
-477
-260
-44
174
392
602
810
1012
1205
1385
1558
1713
1856
1985
2095
2190
2268
2332
2376
2407
2421
2420
2405
2379
2339
2290
2234
2170
2101
2031
1958
1883
1813
1743
1680
1623
1572
1531
1498
1477
1465
1466
1476
1498
1530
1573
1625
1686
1755
1829
1909
1992
2075
2160
2243
2322
2398
2467
2525
2577
2617
2642
2655
2655
2634
2602
2553
2485
2403
2303
2188
2059
1915
1757
1589
1410
1222
1028
828
626
421
218
18
-179
-369
-549
-720
-879
-1024
-1156
-1273
-1372
-1456
-1521
-1568
-1599
-1612
-1608
-1587
-1553
-1502
-1439
-1364
-1278
-1184
-1083
-976
-866
-755
-643
-535
-428
-327
-231
-144
-65
4
63
110
145
170
183
185
176
157
128
92
49
-2
-55
-111
-169
-226
-279
-330
-374
-412
-443
-462
-472
-467
-450
-420
-375
-314
-241
-151
-46
70
202
345
499
662
835
1012
1197
1383
1569
1757
1941
2120
2291
2457
2610
2752
2881
2995
3093
3174
3237
3280
3308
3314
3303
3273
3226
3160
3080
2985
2875
2755
2622
2481
2332
2178
2020
1861
1703
1545
1392
1243
1102
969
845
730
628
535
456
390
333
291
258
239
226
223
229
241
257
279
302
324
347
364
379
387
387
377
361
332
289
237
170
88
-6
-113
-236
-368
-513
-670
-834
-1008
-1191
-1377
-1566
-1760
-1951
-2141
-2328
-2505
-2678
-2842
-2994
-3133
-3260
-3369
-3462
-3539
-3597
-3635
-3656
-3657
-3640
-3606
-3551
-3482
-3396
-3296
-3182
-3058
-2922
-2778
-2629
-2477
-2320
-2162
-2006
-1852
-1704
-1561
-1426
-1301
-1186
-1081
-990
-912
-844
-792
-753
-726
-711
-710
-718
-736
-764
-800
-837
-883
-932
-979
-1028
-1075
-1116
-1154
-1185
-1205
-1219
-1222
-1211
-1190
-1157
-1109
-1050
-978
-892
-795
-686
-566
-437
-302
-158
-9
142
298
450
602
751
893
1028
1155
1270
1371
1462
1536
1596
1639
1665
1672
1663
1636
1590
1529
1450
1358
1251
1131
998
858
709
552
392
229
65
-97
-253
-407
-555
-694
-821
-941
-1045
-1138
-1218
-1280
-1329
-1364
-1383
-1386
-1378
-1354
-1318
-1274
-1215
-1150
-1078
-1000
-916
-833
-749
-666
-585
-509
-441
-377
-323
-279
-246
-222
-214
-216
-231
-259
-299
-351
-414
-488
-569
-661
-757
-859
-964
-1071
-1179
-1284
-1387
-1483
-1573
-1653
-1725
-1784
-1831
-1863
-1881
-1883
-1868
-1838
-1790
-1727
-1647
-1551
-1440
-1317
-1179
-1030
-874
-705
-533
-354
-173
10
190
370
542
709
869
1018
1156
1280
1394
1491
1575
1641
1693
1728
1748
1753
1742
1719
1683
1634
1574
1508
1432
1350
1266
1178
1091
1005
922
845
774
708
653
608
574
552
543
547
563
594
636
691
758
835
923
1019
1123
1232
1347
1461
1579
1696
1806
1914
2018
2112
2197
2273
2334
2384
2421
2441
2447
2438
2412
2372
2317
2246
2162
2066
1958
1838
1711
1576
1435
1291
1146
999
855
714
578
449
329
219
120
35
-38
-95
-138
-164
-176
-172
-153
-118
-70
-8
65
150
244
344
452
564
679
795
910
1022
1129
1231
1324
1408
1481
1540
1590
1626
1645
1652
1644
1618
1582
1529
1462
1385
1297
1195
1088
973
849
725
596
467
339
216
94
-19
-122
-220
-306
-380
-442
-492
-525
-547
-553
-546
-524
-489
-442
-383
-315
-236
-150
-57
40
140
241
342
441
532
621
701
773
833
883
919
942
951
943
922
884
833
765
686
590
484
366
238
103
-40
-189
-340
-491
-644
-793
-938
-1078
-1209
-1331
-1444
-1544
-1628
-1703
-1759
-1800
-1825
-1837
-1828
-1806
-1770
-1716
-1652
-1574
-1484
-1385
-1280
-1165
-1048
-926
-802
-680
-560
-444
-333
-231
-136
-53
21
82
129
164
185
192
184
164
130
84
27
-41
-117
-202
-293
-389
-487
-588
-687
-786
-878
-966
-1048
-1119
-1181
-1233
-1271
-1298
-1312
-1309
-1294
-1265
-1219
-1162
-1093
-1010
-916
-814
-702
-583
-459
-330
-200
-70
58
183
302
412
515
608
689
756
809
848
869
875
864
836
792
732
655
565
461
342
214
76
-71
-223
-380
-541
-700
-860
-1018
-1170
-1315
-1454
-1582
-1699
-1805
-1897
-1976
-2040
-2089
-2125
-2144
-2149
-2140
-2118
-2081
-2035
-1977
-1911
-1838
-1758
-1675
-1589
-1501
-1412
-1329
-1248
-1173
-1103
-1045
-995
-954
-927
-909
-905
-913
-934
-965
-1010
-1065
-1131
-1207
-1289
-1380
-1473
-1572
-1671
-1771
-1870
-1967
-2056
-2140
-2215
-2277
-2330
-2369
-2392
-2402
-2396
-2371
-2331
-2274
-2197
-2105
-1996
-1870
-1730
-1578
-1410
-1234
-1047
-851
-651
-445
-238
-30
176
380
575
765
946
1115
1275
1420
1552
1669
1772
1856
1928
1981
2019
2041
2050
2045
2026
1999
1959
1911
1857
1797
1732
1666
1602
1536
1475
1417
1366
1322
1287
1260
1244
1239
1244
1261
1290
1331
1380
1442
1512
1590
1676
1767
1863
1961
2062
2159
2255
2348
2434
2513
2584
2642
2690
2725
2743
2748
2736
2707
2662
2600
2519
2424
2312
2184
2044
1888
1722
1546
1362
1171
976
777
574
376
180
-13
-197
-372
-540
-694
-834
-962
-1074
-1169
-1250
-1312
-1356
-1386
-1397
-1391
-1372
-1337
-1290
-1230
-1160
-1079
-991
-898
-800
-699
-599
-499
-401
-308
-222
-141
-70
-7
46
88
118
138
146
142
128
103
69
27
-24
-80
-140
-205
-271
-336
-401
-461
-517
-565
-606
-636
-658
-665
-659
-641
-607
-556
-492
-413
-315
-207
-83
56
206
367
539
718
902
1094
1286
1479
1672
1861
2045
2223
2393
2550
2698
2830
2948
3049
3135
3201
3250
3282
3292
3287
3262
3220
3161
3088
2998
2897
2783
2661
2532
2393
2251
2105
1959
1813
1670
1530
1397
1271
1152
1043
944
857
778
714
660
617
586
567
557
555
563
573
592
614
638
662
687
707
725
737
740
735
720
693
653
604
538
459
368
259
140
4
-144
-303
-472
-653
-840
-1036
-1236
-1437
-1643
-1847
-2048
-2245
-2437
-2618
-2790
-2951
-3097
-3231
-3348
-3449
-3531
-3596
-3640
-3667
-3674
-3663
-3634
-3586
-3523
-3443
-3350
-3243
-3126
-2998
-2863
-2721
-2576
-2429
-2281
-2135
-1990
-1853
-1720
-1595
-1480
-1375
-1280
-1198
-1128
-1069
-1025
-992
-971
-962
-964
-975
-997
-1024
-1059
-1097
-1139
-1181
-1224
-1265
-1304
-1337
-1363
-1382
-1391
-1390
-1379
-1354
-1316
-1267
-1203
-1126
-1037
-934
-819
-694
-558
-412
-260
-102
61
226
392
558
721
879
1031
1174
1307
1429
1537
1631
1709
1770
1815
1843
1851
1842
1815
1769
1706
1629
1533
1427
1306
1172
1031
880
724
563
401
236
75
-84
-239
-384
-523
-650
-769
-874
-967
-1046
-1112
-1161
-1198
-1221
-1228
-1225
-1207
-1177
-1138
-1090
-1033
-972
-906
-835
-764
-695
-628
-562
-506
-452
-408
-373
-349
-335
-334
-345
-366
-404
-450
-510
-581
-662
-752
-853
-959
-1070
-1188
-1304
-1423
-1539
-1653
-1762
-1867
-1961
-2045
-2120
-2179
-2226
-2257
-2272
-2270
-2253
-2215
-2163
-2095
-2008
-1904
-1786
-1655
-1507
-1352
-1185
-1010
-831
-644
-455
-265
-77
110
290
464
630
787
931
1063
1183
1286
1376
1452
1511
1553
1583
1596
1594
1581
1554
1518
1472
1417
1354
1289
1218
1147
1076
1006
941
881
827
782
747
720
705
703
712
733
768
815
873
946
1025
1117
1218
1324
1437
1556
1676
1797
1920
2039
2152
2262
2361
2452
2534
2603
2658
2701
2728
2738
2734
2713
2674
2622
2553
2469
2372
2261
2140
2006
1865
1717
1563
1406
1247
1090
934
782
635
496
366
247
140
45
-35
-101
-151
-186
-205
-209
-197
-170
-130
-77
-11
64
149
242
339
440
546
649
754
855
950
1040
1123
1194
1256
1306
1343
1367
1378
1374
1356
1325
1280
1222
1151
1069
977
875
769
654
535
413
292
171
51
-62
-171
-273
-364
-445
-515
-571
-614
-646
-659
-661
-647
-619
-576
-522
-453
-375
-286
-186
-82
30
144
262
379
496
608
716
816
908
992
1062
1121
1167
1198
1212
1214
1198
1167
1122
1060
984
895
794
680
557
425
288
144
-1
-148
-296
-438
-580
-713
-841
-958
-1066
-1161
-1242
-1311
-1365
-1404
-1426
-1436
-1429
-1406
-1371
-1323
-1259
-1186
-1104
-1010
-913
-809
-702
-594
-485
-376
-274
-174
-80
2
77
140
192
230
256
267
265
251
220
177
121
54
-26
-113
-211
-314
-422
-534
-647
-763
-876
-986
-1090
-1188
-1278
-1358
-1426
-1482
-1526
-1556
-1572
-1572
-1558
-1528
-1484
-1426
-1355
-1271
-1176
-1072
-958
-838
-711
-583
-450
-318
-190
-62
58
170
276
368
449
519
574
613
638
647
637
614
574
517
447
363
265
156
37
-93
-229
-369
-515
-662
-808
-953
-1093
-1228
-1358
-1478
-1588
-1687
-1774
-1847
-1908
-1952
-1983
-2000
-2002
-1989
-1965
-1926
-1876
-1816
-1746
-1668
-1585
-1496
-1404
-1313
-1221
-1130
-1045
-963
-888
-821
-766
-720
-685
-664
-655
-658
-676
-706
-747
-804
-869
-945
-1032
-1127
-1226
-1334
-1444
-1551
-1664
-1772
-1877
-1976
-2070
-2151
-2224
-2286
-2331
-2365
-2381
-2381
-2365
-2333
-2280
-2214
-2129
-2027
-1912
-1780
-1635
-1478
-1313
-1135
-952
-763
-569
-376
-181
12
200
381
559
723
878
1023
1154
1270
1373
1461
1533
1592
1632
1660
1671
1673
1659
1635
1600
1556
1505
1450
1390
1326
1265
1202
1143
1090
1040
999
966
942
928
927
935
956
989
1034
1090
1156
1234
1320
1416
1517
1625
1736
1849
1963
2076
2185
2289
2388
2477
2559
2628
2685
2727
2756
2767
2762
2741
2701
2645
2572
2482
2375
2255
2119
1970
1811
1641
1463
1279
1091
898
707
515
328
144
-33
-199
-357
-503
-635
-754
-858
-945
-1018
-1074
-1112
-1136
-1143
-1135
-1113
-1076
-1027
-967
-901
-823
-740
-653
-561
-469
-377
-288
-202
-121
-47
18
75
122
159
185
199
201
192
172
140
100
50
-8
-72
-142
-217
-293
-370
-447
-520
-589
-652
-707
-753
-787
-810
-820
-818
-798
-765
-714
-648
-567
-468
-355
-229
-88
66
229
404
586
774
969
1164
1360
1555
1747
1931
2111
2281
2440
2586
2722
2841
2942
3030
3098
3148
3181
3196
3191
3172
3135
3081
3014
2931
2837
2732
2619
2497
2372
2241
2109
1977
1845
1717
1592
1476
1365
1264
1171
1090
1019
958
911
872
846
831
825
827
840
857
882
910
937
970
1000
1028
1053
1072
1082
1086
1078
1060
1031
985
928
856
770
667
552
421
275
119
-50
-233
-423
-619
-827
-1035
-1248
-1463
-1676
-1885
-2092
-2290
-2479
-2661
-2826
-2980
-3120
-3244
-3349
-3437
-3508
-3558
-3591
-3604
-3599
-3575
-3536
-3479
-3408
-3322
-3223
-3115
-2997
-2872
-2741
-2607
-2471
-2336
-2203
-2072
-1946
-1827
-1716
-1613
-1522
-1440
-1371
-1313
-1267
-1232
-1211
-1199
-1198
-1209
-1227
-1252
-1285
-1322
-1362
-1405
-1448
-1485
-1524
-1558
-1583
-1603
-1614
-1612
-1601
-1578
-1540
-1490
-1427
-1348
-1257
-1154
-1034
-905
-765
-614
-454
-289
-116
61
237
416
593
765
934
1094
1245
1386
1513
1628
1727
1810
1876
1924
1954
1966
1959
1933
1890
1830
1753
1661
1555
1436
1307
1167
1020
866
708
550
388
231
77
-74
-216
-348
-473
-589
-689
-779
-856
-918
-966
-1003
-1023
-1032
-1028
-1014
-989
-954
-911
-862
-809
-750
-692
-633
-575
-522
-471
-430
-394
-368
-350
-346
-350
-369
-399
-442
-498
-566
-645
-734
-835
-943
-1060
-1183
-1311
-1441
-1574
-1706
-1834
-1960
-2076
-2188
-2289
-2380
-2457
-2522
-2572
-2604
-2621
-2619
-2600
-2562
-2508
-2434
-2345
-2238
-2117
-1982
-1831
-1671
-1500
-1321
-1135
-948
-753
-561
-370
-179
4
182
351
511
658
796
917
1026
1119
1198
1263
1311
1347
1368
1375
1369
1353
1325
1289
1249
1199
1147
1092
1036
981
930
882
840
806
779
763
758
763
780
810
851
906
972
1050
1138
1236
1344
1457
1579
1704
1834
1964
2095
2223
2348
2466
2578
2682
2771
2851
2919
2971
3008
3030
3034
3021
2993
2946
2884
2806
2712
2604
2484
2350
2207
2056
1898
1734
1567
1399
1231
1066
907
751
604
467
340
225
124
37
-36
-93
-135
-162
-173
-168
-151
-118
-73
-19
48
122
203
290
381
471
563
654
741
823
899
966
1024
1071
1106
1130
1141
1137
1122
1092
1048
994
926
846
759
661
553
444
328
208
89
-30
-149
-260
-368
-469
-559
-639
-708
-765
-805
-836
-849
-847
-830
-798
-751
-690
-617
-529
-433
-324
-209
-86
41
174
308
440
572
699
821
933
1039
1131
1214
1283
1339
1380
1404
1414
1406
1384
1344
1291
1222
1142
1048
943
828
703
575
439
302
163
24
-112
-241
-366
-485
-592
-692
-779
-852
-914
-962
-992
-1010
-1015
-1002
-978
-941
-890
-828
-758
-677
-591
-497
-400
-302
-202
-107
-11
78
162
237
304
358
403
436
452
457
447
422
383
332
266
188
100
-1
-110
-227
-349
-477
-606
-737
-867
-996
-1118
-1235
-1346
-1446
-1535
-1613
-1679
-1728
-1765
-1786
-1790
-1781
-1755
-1714
-1660
-1592
-1509
-1418
-1315
-1202
-1086
-961
-834
-704
-575
-448
-324
-206
-96
6
98
177
244
297
336
360
368
360
337
298
245
178
98
7
-97
-208
-328
-455
-584
-717
-852
-984
-1113
-1239
-1356
-1467
-1569
-1660
-1739
-1807
-1860
-1899
-1925
-1935
-1931
-1914
-1883
-1839
-1783
-1716
-1640
-1556
-1464
-1368
-1268
-1165
-1065
-964
-869
-778
-693
-616
-550
-493
-448
-416
-397
-391
-399
-422
-458
-507
-570
-642
-727
-821
-923
-1031
-1146
-1262
-1381
-1497
-1614
-1727
-1833
-1932
-2021
-2099
-2166
-2220
-2257
-2282
-2289
-2277
-2253
-2208
-2147
-2071
-1979
-1869
-1749
-1614
-1467
-1312
-1149
-978
-802
-624
-443
-265
-88
84
248
406
555
692
817
931
1029
1116
1186
1242
1283
1308
1321
1320
1308
1282
1248
1205
1154
1096
1037
972
907
845
783
727
676
634
598
573
557
552
562
582
615
659
720
789
870
961
1063
1170
1286
1408
1531
1660
1787
1911
2034
2151
2259
2359
2451
2529
2596
2648
2684
2704
2708
2693
2663
2614
2548
2467
2368
2255
2128
1989
1838
1678
1510
1334
1157
976
796
617
442
269
107
-48
-194
-327
-446
-554
-645
-721
-783
-828
-857
-872
-871
-855
-828
-787
-734
-674
-603
-527
-445
-361
-274
-187
-104
-22
55
124
187
241
284
316
339
348
346
334
308
271
225
167
101
28
-52
-135
-222
-312
-402
-488
-573
-652
-722
-786
-839
-880
-908
-922
-923
-908
-875
-828
-765
-683
-587
-475
-348
-207
-56
108
282
462
650
842
1036
1230
1424
1613
1797
1973
2139
2297
2440
2573
2689
2789
2873
2941
2990
3022
3037
3033
3016
2979
2929
2865
2789
2702
2604
2499
2386
2271
2151
2033
1913
1796
1682
1575
1475
1381
1298
1222
1159
1106
1064
1033
1015
1006
1007
1019
1036
1063
1095
1132
1171
1213
1251
1291
1328
1357
1381
1397
1402
1395
1379
1347
1302
1242
1166
1075
969
848
710
561
396
221
32
-165
-368
-580
-796
-1015
-1235
-1455
-1669
-1880
-2084
-2278
-2462
-2634
-2792
-2934
-3062
-3171
-3264
-3338
-3394
-3430
-3448
-3449
-3431
-3398
-3348
-3285
-3208
-3120
-3020
-2914
-2799
-2681
-2559
-2436
-2315
-2194
-2081
-1970
-1867
-1771
-1686
-1609
-1543
-1490
-1447
-1416
-1397
-1389
-1389
-1402
-1422
-1449
-1485
-1524
-1568
-1614
-1659
-1705
-1747
-1783
-1815
-1838
-1852
-1858
-1851
-1832
-1800
-1754
-1693
-1620
-1531
-1427
-1312
-1182
-1039
-887
-724
-552
-375
-192
-3
184
372
558
739
915
1084
1242
1388
1524
1643
1747
1835
1905
1957
1991
2007
2003
1982
1942
1886
1813
1724
1623
1508
1383
1250
1109
961
811
658
505
355
207
65
-69
-195
-313
-417
-512
-594
-664
-721
-763
-795
-812
-817
-812
-796
-769
-738
-698
-652
-604
-553
-501
-451
-404
-360
-323
-294
-274
-263
-263
-274
-296
-334
-382
-443
-518
-605
-701
-812
-929
-1055
-1190
-1329
-1472
-1618
-1764
-1908
-2050
-2185
-2315
-2435
-2544
-2643
-2727
-2797
-2850
-2888
-2906
-2908
-2892
-2855
-2801
-2729
-2640
-2533
-2413
-2276
-2126
-1965
-1795
-1616
-1430
-1242
-1048
-858
-666
-477
-293
-118
50
210
356
493
615
724
819
901
966
1018
1057
1080
1093
1094
1085
1065
1041
1006
972
932
889
849
809
774
744
721
704
699
701
716
743
780
830
893
967
1052
1151
1258
1374
1500
1631
1766
1907
2049
2191
2334
2471
2603
2730
2847
2954
3049
3131
3198
3250
3286
3306
3307
3291
3258
3206
3138
3054
2954
2839
2714
2573
2424
2266
2102
1930
1758
1584
1409
1239
1073
914
762
620
488
369
262
169
92
29
-18
-50
-68
-71
-60
-37
0
46
101
166
236
310
388
467
544
619
691
757
816
869
908
940
960
966
960
942
910
866
810
740
661
570
472
364
252
133
13
-109
-230
-350
-467
-576
-680
-775
-859
-931
-992
-1038
-1068
-1085
-1085
-1069
-1038
-993
-929
-854
-764
-660
-547
-423
-291
-154
-11
137
283
431
574
715
850
974
1091
1196
1289
1367
1433
1482
1516
1534
1537
1523
1494
1449
1389
1318
1234
1138
1034
921
803
679
553
425
300
176
57
-56
-160
-257
-343
-417
-480
-529
-566
-588
-597
-591
-574
-540
-498
-445
-379
-308
-227
-141
-51
40
135
225
315
400
476
548
610
660
699
727
738
738
722
693
648
589
516
429
331
220
100
-30
-165
-307
-453
-601
-749
-894
-1037
-1175
-1306
-1428
-1541
-1641
-1729
-1803
-1863
-1908
-1936
-1949
-1946
-1927
-1893
-1843
-1781
-1705
-1619
-1521
-1416
-1302
-1186
-1064
-941
-818
-698
-580
-468
-365
-268
-182
-110
-47
1
34
54
59
47
24
-16
-71
-135
-214
-304
-401
-506
-621
-738
-858
-981
-1103
-1221
-1338
-1448
-1549
-1644
-1726
-1798
-1859
-1905
-1938
-1957
-1962
-1951
-1927
-1889
-1838
-1775
-1700
-1615
-1522
-1420
-1313
-1203
-1089
-975
-863
-752
-647
-550
-459
-376
-306
-246
-199
-166
-146
-142
-150
-176
-213
-265
-331
-407
-494
-594
-699
-811
-931
-1050
-1173
-1296
-1415
-1529
-1641
-1741
-1835
-1918
-1987
-2045
-2086
-2114
-2125
-2120
-2098
-2060
-2007
-1936
-1851
-1751
-1638
-1513
-1378
-1232
-1081
-923
-763
-601
-437
-274
-115
37
186
323
452
569
674
767
845
912
961
998
1020
1029
1023
1007
977
937
889
834
773
705
637
566
497
430
366
308
257
215
182
163
151
154
170
198
239
295
363
443
535
637
749
869
997
1128
1265
1402
1539
1675
1806
1934
2053
2163
2261
2350
2423
2483
2528
2555
2568
2562
2538
2498
2442
2367
2280
2177
2059
1931
1791
1642
1486
1326
1159
993
826
662
501
346
199
60
-69
-186
-289
-381
-457
-518
-565
-596
-612
-614
-602
-575
-538
-489
-430
-363
-289
-209
-125
-43
43
127
207
283
353
415
468
512
544
565
574
571
555
527
488
436
374
303
222
135
42
-57
-157
-257
-359
-459
-552
-641
-723
-793
-855
-904
-938
-960
-965
-954
-928
-885
-824
-748
-656
-546
-425
-288
-139
19
188
366
548
734
924
1111
1299
1482
1659
1830
1991
2140
2278
2404
2512
2607
2686
2748
2791
2821
2831
2826
2807
2771
2721
2659
2586
2501
2410
2310
2206
2100
1990
1881
1774
1672
1572
1479
1394
1319
1251
1196
1151
1115
1093
1081
1079
1089
1109
1135
1172
1216
1262
1314
1367
1421
1474
1524
1566
1607
1637
1659
1672
1669
1655
1626
1583
1523
1449
1357
1250
1127
989
837
671
494
301
103
-104
-320
-538
-756
-979
-1199
-1415
-1629
-1832
-2028
-2213
-2386
-2544
-2690
-2816
-2926
-3022
-3096
-3154
-3193
-3216
-3219
-3207
-3178
-3134
-3077
-3009
-2930
-2840
-2745
-2642
-2536
-2428
-2319
-2212
-2107
-2008
-1915
-1830
-1751
-1684
-1626
-1578
-1542
-1518
-1503
-1500
-1509
-1525
-1551
-1586
-1626
-1673
-1725
-1775
-1830
-1884
-1932
-1980
-2021
-2054
-2077
-2093
-2095
-2085
-2064
-2026
-1974
-1909
-1827
-1730
-1620
-1495
-1357
-1207
-1045
-873
-694
-507
-316
-121
76
271
464
651
833
1007
1171
1322
1461
1585
1693
1784
1859
1914
1951
1971
1971
1954
1918
1866
1798
1716
1620
1512
1394
1267
1133
995
854
711
568
427
292
160
37
-78
-185
-279
-362
-434
-494
-540
-575
-597
-606
-606
-595
-574
-545
-510
-469
-425
-378
-329
-282
-239
-198
-163
-137
-116
-108
-108
-123
-149
-187
-239
-304
-382
-472
-577
-690
-816
-951
-1093
-1242
-1398
-1556
-1715
-1875
-2031
-2185
-2332
-2472
-2601
-2721
-2824
-2917
-2994
-3053
-3096
-3119
-3125
-3111
-3080
-3028
-2960
-2874
-2771
-2653
-2519
-2374
-2216
-2050
-1873
-1693
-1506
-1319
-1132
-946
-762
-584
-413
-248
-95
49
180
298
404
496
574
639
690
728
755
768
773
768
753
734
709
681
651
624
594
570
549
533
527
529
541
562
598
642
700
772
854
948
1055
1171
1297
1434
1576
1724
1878
2034
2189
2346
2499
2647
2791
2925
3050
3164
3265
3351
3424
3477
3514
3536
3536
3521
3486
3433
3363
3278
3174
3058
2928
2786
2634
2474
2305
2133
1959
1783
1607
1434
1267
1105
951
809
675
554
446
351
271
206
155
119
98
90
93
111
141
177
225
279
337
401
466
530
595
656
710
760
803
836
860
874
874
864
841
804
755
695
621
538
444
339
229
111
-14
-140
-268
-398
-523
-646
-765
-874
-977
-1070
-1151
-1218
-1274
-1313
-1336
-1343
-1335
-1308
-1266
-1209
-1133
-1046
-943
-828
-702
-567
-421
-270
-115
43
201
360
515
666
808
944
1070
1184
1287
1375
1448
1507
1550
1576
1588
1583
1562
1527
1479
1417
1343
1259
1166
1067
960
850
737
625
513
404
301
201
114
32
-39
-98
-145
-182
-202
-211
-209
-189
-161
-120
-67
-6
64
143
227
314
406
496
588
675
759
836
906
965
1017
1056
1081
1094
1090
1074
1041
995
930
853
761
656
540
410
271
123
-30
-191
-353
-518
-681
-842
-999
-1151
-1295
-1430
-1555
-1666
-1767
-1851
-1920
-1975
-2012
-2033
-2040
-2030
-2003
-1964
-1909
-1842
-1764
-1675
-1578
-1475
-1366
-1252
-1142
-1028
-918
-810
-709
-614
-528
-453
-388
-336
-297
-272
-260
-262
-279
-309
-353
-409
-478
-557
-645
-742
-846
-953
-1067
-1179
-1293
-1406
-1513
-1616
-1713
-1799
-1877
-1945
-1999
-2040
-2068
-2081
-2080
-2065
-2034
-1989
-1931
-1860
-1776
-1682
-1580
-1468
-1350
-1226
-1100
-971
-844
-719
-597
-481
-374
-274
-185
-109
-42
9
46
69
77
69
45
8
-44
-107
-184
-272
-370
-476
-589
-707
-829
-952
-1073
-1194
-1309
-1418
-1520
-1613
-1695
-1766
-1822
-1865
-1895
-1907
-1903
-1885
-1850
-1798
-1735
-1655
-1561
-1457
-1340
-1214
-1081
-941
-794
-648
-501
-353
-207
-68
67
195
312
422
517
602
673
730
773
801
817
818
806
781
745
698
642
577
507
430
352
273
192
114
40
-29
-92
-144
-189
-222
-243
-252
-247
-228
-195
-149
-87
-13
75
172
282
403
529
664
804
946
1092
1238
1379
1520
1653
1777
1896
2002
2095
2176
2243
2292
2329
2347
2347
2332
2301
2251
2187
2109
2015
1910
1792
1664
1528
1386
1239
1088
938
786
640
496
360
231
111
0
-97
-182
-255
-311
-354
-383
-397
-396
-383
-356
-316
-266
-205
-135
-60
22
109
196
285
371
455
534
608
675
731
779
815
839
852
851
836
811
771
718
656
582
496
405
305
199
89
-23
-137
-247
-356
-461
-558
-648
-728
-796
-853
-896
-923
-935
-931
-909
-872
-818
-747
-660
-558
-441
-311
-170
-16
145
312
487
665
844
1024
1202
1375
1543
1703
1853
1992
2121
2233
2333
2418
2487
2540
2576
2598
2601
2590
2565
2525
2473
2411
2337
2253
2165
2069
1970
1869
1768
1667
1572
1479
1393
1315
1244
1184
1132
1093
1064
1048
1042
1049
1067
1093
1131
1176
1229
1287
1352
1417
1486
1555
1619
1682
1738
1785
1825
1857
1874
1880
1872
1848
1810
1755
1683
1594
1491
1369
1233
1082
918
740
553
355
150
-62
-280
-497
-716
-933
-1148
-1356
-1557
-1750
-1932
-2102
-2256
-2399
-2524
-2633
-2725
-2800
-2855
-2893
-2917
-2922
-2912
-2887
-2848
-2795
-2734
-2660
-2580
-2494
-2402
-2309
-2213
-2119
-2026
-1938
-1855
-1779
-1710
-1651
-1602
-1562
-1534
-1517
-1511
-1516
-1532
-1557
-1593
-1636
-1685
-1740
-1801
-1865
-1929
-1995
-2057
-2116
-2170
-2216
-2256
-2283
-2300
-2305
-2296
-2273
-2236
-2182
-2113
-2030
-1929
-1814
-1685
-1542
-1387
-1222
-1045
-859
-669
-472
-273
-73
125
324
514
698
875
1040
1194
1336
1461
1570
1665
1741
1798
1839
1860
1863
1850
1818
1770
1707
1631
1541
1440
1330
1212
1087
959
829
696
566
438
314
197
87
-15
-107
-187
-257
-316
-362
-396
-418
-428
-428
-416
-397
-368
-332
-292
-247
-198
-151
-104
-56
-15
22
52
74
85
86
77
50
15
-35
-100
-178
-268
-375
-492
-619
-761
-908
-1064
-1228
-1394
-1565
-1738
-1907
-2077
-2241
-2397
-2547
-2684
-2812
-2925
-3023
-3105
-3172
-3219
-3250
-3262
-3252
-3226
-3179
-3116
-3034
-2937
-2823
-2696
-2557
-2405
-2246
-2076
-1903
-1724
-1544
-1364
-1187
-1010
-843
-682
-525
-381
-246
-122
-11
85
173
244
301
351
384
407
420
425
419
409
392
372
350
327
305
288
275
265
265
273
290
317
356
408
472
548
637
740
852
978
1113
1258
1411
1571
1737
1905
2078
2249
2417
2584
2745
2897
3043
3177
3297
3407
3499
3576
3636
3678
3701
3706
3692
3659
3609
3540
3455
3353
3238
3109
2967
2816
2659
2492
2321
2149
1974
1800
1631
1465
1305
1155
1014
882
764
658
564
485
420
368
332
309
298
301
313
335
368
407
453
503
555
609
661
711
758
799
832
858
875
880
875
859
828
787
734
665
587
497
397
287
169
42
-89
-224
-362
-500
-637
-771
-901
-1023
-1136
-1241
-1335
-1415
-1481
-1533
-1568
-1588
-1589
-1576
-1541
-1493
-1428
-1345
-1248
-1137
-1013
-878
-734
-579
-421
-257
-90
76
242
405
563
713
856
988
1110
1217
1313
1393
1459
1510
1544
1562
1565
1554
1527
1488
1436
1373
1300
1220
1132
1040
945
846
749
653
561
473
394
322
257
206
163
133
115
110
117
137
168
212
268
331
404
485
569
659
755
847
942
1035
1121
1203
1278
1342
1396
1440
1467
1484
1486
1471
1442
1396
1333
1255
1163
1055
934
801
657
501
339
170
-6
-183
-362
-540
-716
-886
-1051
-1206
-1351
-1488
-1611
-1721
-1815
-1896
-1959
-2006
-2038
-2053
-2052
-2036
-2006
-1961
-1906
-1838
-1760
-1675
-1583
-1485
-1386
-1285
-1185
-1088
-994
-906
-826
-753
-690
-640
-599
-572
-560
-558
-573
-599
-637
-689
-753
-825
-910
-1002
-1098
-1204
-1311
-1418
-1528
-1637
-1741
-1841
-1934
-2019
-2094
-2158
-2211
-2249
-2275
-2285
-2280
-2261
-2227
-2177
-2114
-2036
-1946
-1844
-1731
-1610
-1480
-1346
-1207
-1065
-922
-781
-642
-509
-381
-263
-153
-55
30
102
160
203
231
245
240
222
189
142
79
6
-77
-173
-274
-384
-499
-616
-734
-855
-968
-1081
-1189
-1285
-1373
-1453
-1519
-1572
-1613
-1638
-1650
-1645
-1626
-1592
-1542
-1480
-1403
-1315
-1214
-1105
-986
-862
-733
-599
-464
-329
-197
-69
54
172
280
378
465
540
603
651
687
707
714
707
687
652
606
550
483
408
326
239
146
53
-39
-131
-221
-305
-382
-453
-511
-562
-598
-621
-632
-629
-608
-576
-529
-464
-389
-299
-196
-83
39
172
310
453
599
748
897
1043
1187
1323
1453
1573
1684
1781
1865
1935
1990
2030
2053
2061
2049
2025
1983
1925
1856
1772
1675
1570
1456
1332
1205
1072
938
803
670
540
416
299
190
91
2
-74
-138
-189
-225
-247
-255
-249
-229
-197
-152
-96
-29
46
128
216
309
405
500
596
688
777
857
932
998
1053
1098
1131
1150
1157
1150
1128
1094
1046
985
913
829
736
633
524
409
289
168
47
-75
-190
-301
-408
-505
-591
-668
-731
-778
-813
-831
-832
-818
-787
-738
-675
-595
-499
-391
-270
-135
8
160
320
481
648
816
983
1148
1309
1462
1609
1746
1871
1985
2085
2170
2242
2298
2338
2362
2373
2366
2346
2313
2266
2206
2139
2062
1978
1887
1793
1696
1599
1503
1408
1320
1236
1160
1092
1036
988
950
927
913
912
923
946
979
1024
1078
1138
1209
1283
1361
1443
1526
1605
1686
1758
1827
1888
1937
1977
2004
2018
2017
2002
1967
1920
1854
1770
1672
1557
1425
1279
1121
947
766
573
373
166
-43
-255
-469
-678
-885
-1087
-1281
-1465
-1641
-1802
-1950
-2086
-2204
-2307
-2394
-2463
-2515
-2552
-2571
-2575
-2563
-2538
-2501
-2451
-2394
-2325
-2251
-2174
-2092
-2007
-1923
-1841
-1762
-1690
-1621
-1562
-1511
-1469
-1438
-1418
-1408
-1410
-1424
-1447
-1483
-1527
-1580
-1641
-1709
-1780
-1857
-1934
-2011
-2090
-2165
-2234
-2297
-2354
-2398
-2435
-2458
-2467
-2461
-2442
-2406
-2354
-2288
-2203
-2103
-1989
-1859
-1715
-1559
-1392
-1215
-1031
-838
-641
-442
-242
-43
154
345
528
704
868
1020
1160
1285
1394
1487
1563
1620
1661
1683
1687
1675
1647
1602
1544
1472
1388
1294
1191
1082
966
848
728
609
492
378
268
165
70
-16
-92
-157
-211
-254
-284
-303
-311
-308
-293
-270
-239
-198
-154
-104
-51
3
56
107
155
198
236
263
282
291
287
269
241
195
137
64
-24
-124
-240
-367
-506
-656
-817
-983
-1157
-1336
-1513
-1695
-1875
-2052
-2224
-2389
-2544
-2690
-2825
-2943
-3048
-3137
-3208
-3260
-3296
-3311
-3309
-3286
-3247
-3189
-3113
-3022
-2915
-2795
-2663
-2521
-2368
-2210
-2047
-1878
-1710
-1540
-1374
-1210
-1054
-903
-761
-628
-506
-395
-295
-209
-133
-72
-21
17
44
62
68
69
61
49
32
14
-7
-24
-41
-53
-59
-57
-48
-30
1
41
95
162
241
333
439
557
685
829
980
1142
1312
1488
1668
1854
2038
2222
2407
2585
2756
2920
3075
3218
3349
3464
3565
3648
3713
3761
3790
3800
3790
3763
3715
3651
3570
3472
3361
3236
3100
2953
2799
2639
2474
2306
2138
1971
1807
1648
1495
1351
1216
1091
977
878
789
714
654
605
571
550
539
541
554
573
603
637
676
718
763
807
848
888
921
948
968
978
977
968
945
910
864
803
731
647
549
442
325
198
65
-75
-221
-370
-518
-669
-816
-958
-1096
-1225
-1344
-1452
-1549
-1631
-1700
-1751
-1786
-1804
-1804
-1787
-1750
-1698
-1627
-1541
-1440
-1325
-1195
-1056
-906
-747
-584
-415
-244
-72
96
264
424
578
726
861
986
1097
1197
1280
1351
1405
1445
1468
1479
1474
1455
1425
1381
1329
1266
1197
1121
1042
960
879
797
717
643
573
511
457
413
377
356
346
345
360
385
422
471
532
600
680
765
857
956
1054
1157
1258
1358
1453
1543
1626
1701
1764
1816
1855
1878
1888
1881
1859
1819
1764
1690
1602
1499
1379
1245
1099
943
775
601
419
232
42
-147
-337
-523
-704
-880
-1045
-1201
-1346
-1478
-1597
-1700
-1789
-1862
-1919
-1959
-1984
-1992
-1987
-1968
-1935
-1889
-1833
-1768
-1694
-1617
-1533
-1447
-1362
-1277
-1193
-1117
-1045
-979
-925
-878
-843
-820
-809
-810
-824
-851
-889
-941
-1003
-1077
-1159
-1251
-1348
-1452
-1559
-1669
-1778
-1886
-1991
-2092
-2186
-2272
-2350
-2414
-2468
-2510
-2535
-2546
-2543
-2523
-2488
-2438
-2371
-2291
-2197
-2089
-1970
-1841
-1703
-1558
-1407
-1254
-1097
-941
-786
-635
-490
-352
-222
-103
4
98
179
245
295
331
349
352
341
313
271
216
149
70
-18
-113
-217
-323
-434
-546
-657
-765
-869
-967
-1058
-1139
-1210
-1270
-1317
-1351
-1370
-1376
-1365
-1344
-1306
-1253
-1190
-1114
-1027
-930
-825
-710
-594
-471
-346
-222
-100
20
134
240
341
431
511
578
634
674
703
716
713
699
669
627
572
506
427
342
246
145
40
-69
-177
-287
-392
-493
-588
-677
-755
-824
-881
-925
-954
-969
-970
-953
-923
-878
-816
-740
-653
-551
-438
-317
-185
-46
97
244
393
539
685
830
964
1094
1216
1325
1422
1509
1578
1635
1677
1700
1710
1705
1683
1646
1596
1531
1456
1369
1272
1170
1059
944
826
708
589
475
364
259
161
73
-5
-72
-125
-168
-195
-209
-208
-194
-167
-125
-72
-6
69
152
244
344
446
553
660
766
871
972
1066
1154
1233
1302
1359
1405
1438
1455
1460
1451
1424
1387
1334
1267
1191
1102
1001
894
778
655
531
404
276
150
27
-90
-199
-302
-394
-474
-541
-595
-633
-657
-664
-654
-628
-587
-529
-456
-369
-267
-154
-31
103
244
391
543
697
849
1003
1152
1297
1435
1565
1685
1794
1891
1974
2044
2098
2138
2162
2172
2167
2148
2114
2070
2012
1944
1868
1783
1694
1600
1503
1404
1309
1213
1123
1040
961
892
833
784
746
721
707
707
720
744
782
829
889
956
1033
1115
1204
1296
1392
1488
1581
1672
1757
1838
1906
1969
2017
2052
2076
2084
2075
2050
2010
1950
1875
1783
1675
1550
1413
1262
1098
924
739
548
351
151
-51
-253
-455
-650
-839
-1023
-1195
-1360
-1510
-1648
-1772
-1881
-1972
-2049
-2110
-2153
-2184
-2196
-2195
-2179
-2153
-2113
-2064
-2006
-1940
-1870
-1796
-1720
-1645
-1571
-1499
-1432
-1371
-1317
-1273
-1237
-1212
-1198
-1196
-1204
-1225
-1256
-1300
-1353
-1414
-1487
-1565
-1649
-1739
-1832
-1924
-2017
-2108
-2195
-2277
-2352
-2418
-2473
-2518
-2548
-2566
-2567
-2552
-2522
-2475
-2411
-2332
-2236
-2123
-1998
-1857
-1703
-1540
-1365
-1184
-996
-803
-606
-411
-215
-24
162
340
513
672
819
955
1074
1178
1268
1340
1394
1432
1452
1455
1443
1414
1371
1316
1247
1167
1079
983
881
774
666
557
449
344
244
149
62
-18
-87
-147
-196
-233
-258
-272
-274
-265
-247
-217
-178
-134
-81
-24
36
99
163
223
282
337
381
421
452
470
478
474
453
421
374
311
232
140
32
-90
-223
-370
-527
-693
-866
-1048
-1230
-1418
-1606
-1789
-1972
-2149
-2319
-2479
-2630
-2766
-2890
-2997
-3090
-3166
-3222
-3261
-3281
-3282
-3265
-3230
-3177
-3108
-3023
-2924
-2813
-2688
-2556
-2414
-2266
-2112
-1958
-1800
-1645
-1493
-1343
-1201
-1065
-937
-820
-714
-615
-532
-459
-397
-350
-312
-285
-268
-263
-260
-270
-283
-301
-322
-343
-364
-381
-397
-405
-407
-401
-384
-356
-319
-268
-203
-127
-34
71
190
321
466
621
786
962
1144
1335
1528
1726
1924
2121
2314
2505
2686
2858
3023
3174
3313
3436
3544
3633
3706
3759
3794
3809
3805
3783
3742
3684
3609
3518
3413
3296
3165
3026
2881
2727
2571
2414
2255
2097
1944
1795
1652
1518
1392
1277
1174
1083
1003
938
884
843
816
799
793
799
813
834
863
896
931
970
1008
1047
1080
1109
1134
1149
1156
1154
1140
1113
1076
1025
961
886
796
694
582
458
323
182
32
-122
-281
-442
-605
-765
-922
-1076
-1221
-1358
-1485
-1600
-1701
-1786
-1858
-1912
-1949
-1967
-1969
-1950
-1915
-1861
-1790
-1702
-1599
-1484
-1353
-1213
-1062
-903
-738
-570
-398
-226
-57
111
269
424
570
706
830
942
1042
1127
1197
1253
1295
1321
1335
1335
1321
1296
1261
1216
1162
1104
1038
972
903
834
768
706
646
594
552
515
490
476
473
480
503
534
579
637
703
781
868
963
1063
1171
1280
1393
1505
1615
1723
1826
1921
2007
2086
2149
2202
2240
2263
2270
2260
2232
2187
2126
2045
1950
1837
1710
1568
1415
1250
1072
891
701
505
308
111
-88
-281
-469
-652
-824
-987
-1140
-1278
-1402
-1515
-1610
-1690
-1755
-1802
-1835
-1853
-1857
-1845
-1825
-1790
-1746
-1694
-1635
-1569
-1501
-1431
-1360
-1293
-1226
-1166
-1114
-1067
-1028
-1002
-985
-978
-987
-1005
-1036
-1080
-1136
-1200
-1278
-1364
-1457
-1560
-1667
-1777
-1892
-2007
-2119
-2231
-2337
-2435
-2528
-2611
-2683
-2742
-2789
-2821
-2838
-2839
-2824
-2792
-2744
-2681
-2601
-2507
-2399
-2277
-2144
-2001
-1849
-1690
-1527
-1359
-1190
-1023
-857
-695
-539
-391
-251
-124
-7
96
184
258
315
358
385
395
389
371
336
288
230
159
79
-8
-100
-199
-298
-400
-502
-597
-691
-779
-858
-928
-990
-1037
-1073
-1098
-1108
-1105
-1087
-1057
-1012
-956
-887
-808
-718
-622
-516
-405
-291
-174
-56
60
173
283
384
480
565
637
701
751
789
810
819
812
790
753
704
639
563
477
379
274
159
41
-83
-208
-334
-458
-578
-694
-800
-901
-990
-1069
-1135
-1187
-1223
-1247
-1254
-1243
-1219
-1177
-1121
-1051
-967
-868
-761
-642
-514
-382
-241
-99
46
190
331
468
601
726
841
948
1042
1124
1191
1246
1285
1309
1318
1313
1292
1257
1209
1151
1081
999
913
817
717
615
510
405
303
205
111
26
-52
-120
-177
-221
-255
-273
-277
-269
-245
-208
-157
-94
-18
68
163
268
377
494
613
736
857
977
1094
1206
1309
1405
1492
1567
1629
1678
1714
1734
1741
1731
1707
1667
1613
1546
1466
1376
1274
1163
1045
921
794
664
534
406
281
163
49
-54
-146
-230
-299
-354
-396
-422
-431
-426
-405
-366
-315
-249
-167
-74
30
146
269
398
534
673
812
953
1088
1222
1350
1470
1583
1684
1774
1852
1916
1966
2002
2023
2029
2022
1999
1964
1914
1855
1784
1704
1616
1522
1423
1322
1221
1117
1019
922
831
748
673
606
553
510
478
461
458
466
488
525
571
631
703
781
869
965
1065
1167
1275
1379
1484
1586
1681
1770
1851
1920
1977
2023
2052
2068
2067
2051
2018
1967
1900
1815
1717
1600
1472
1330
1176
1012
840
660
475
288
98
-91
-277
-459
-636
-803
-962
-1110
-1245
-1368
-1477
-1572
-1650
-1715
-1762
-1795
-1813
-1815
-1806
-1784
-1750
-1704
-1651
-1591
-1525
-1454
-1384
-1310
-1238
-1173
-1107
-1050
-999
-957
-923
-903
-891
-891
-906
-929
-967
-1015
-1075
-1145
-1226
-1313
-1409
-1510
-1614
-1723
-1832
-1939
-2044
-2144
-2237
-2325
-2402
-2467
-2521
-2561
-2586
-2596
-2591
-2566
-2527
-2470
-2397
-2306
-2201
-2081
-1946
-1801
-1642
-1475
-1300
-1119
-934
-747
-559
-371
-189
-11
158
321
472
611
737
849
945
1026
1091
1138
1170
1185
1183
1168
1137
1092
1036
969
892
808
715
619
520
420
320
223
130
42
-40
-112
-176
-229
-273
-304
-324
-333
-329
-314
-289
-252
-207
-155
-93
-26
44
117
192
265
336
404
464
519
563
597
620
632
627
609
577
528
464
384
289
180
57
-81
-228
-389
-559
-734
-918
-1105
-1293
-1483
-1671
-1852
-2032
-2203
-2363
-2516
-2653
-2777
-2885
-2980
-3055
-3113
-3154
-3176
-3181
-3167
-3136
-3086
-3023
-2943
-2851
-2746
-2631
-2506
-2375
-2240
-2098
-1956
-1813
-1672
-1533
-1401
-1273
-1155
-1045
-944
-854
-774
-708
-650
-607
-573
-551
-538
-537
-543
-555
-575
-595
-623
-649
-676
-702
-723
-740
-750
-751
-742
-724
-692
-648
-591
-520
-433
-335
-221
-91
49
206
371
547
732
926
1125
1328
1536
1742
1949
2152
2349
2539
2722
2892
3050
3194
3323
3437
3533
3611
3669
3710
3731
3733
3716
3682
3631
3563
3480
3382
3274
3153
3024
2888
2746
2601
2454
2309
2163
2023
1886
1757
1637
1526
1423
1334
1256
1188
1135
1093
1061
1044
1037
1038
1051
1071
1095
1128
1164
1199
1238
1274
1307
1336
1361
1377
1384
1382
1368
1343
1306
1255
1190
1114
1022
918
803
675
536
388
231
68
-100
-272
-444
-617
-789
-956
-1118
-1273
-1417
-1551
-1672
-1779
-1870
-1945
-2004
-2043
-2065
-2069
-2052
-2019
-1967
-1898
-1812
-1712
-1597
-1469
-1331
-1183
-1026
-864
-700
-530
-364
-198
-35
122
272
413
544
663
774
868
950
1018
1073
1113
1139
1153
1153
1143
1121
1089
1049
1003
950
896
840
780
725
671
623
580
544
516
500
492
497
514
541
582
634
698
772
860
954
1059
1172
1288
1410
1535
1661
1784
1907
2022
2134
2237
2331
2414
2482
2539
2578
2602
2608
2599
2568
2523
2459
2375
2277
2160
2029
1883
1725
1553
1374
1186
992
794
593
392
190
-6
-199
-384
-561
-727
-883
-1024
-1153
-1269
-1367
-1453
-1522
-1576
-1615
-1640
-1651
-1649
-1635
-1611
-1580
-1538
-1492
-1441
-1387
-1332
-1279
-1226
-1178
-1137
-1101
-1073
-1057
-1049
-1051
-1067
-1092
-1130
-1181
-1243
-1316
-1400
-1493
-1593
-1703
-1817
-1937
-2058
-2181
-2304
-2424
-2541
-2651
-2753
-2846
-2928
-2999
-3056
-3098
-3126
-3136
-3130
-3108
-3067
-3011
-2938
-2847
-2744
-2625
-2493
-2349
-2196
-2033
-1864
-1690
-1512
-1334
-1157
-984
-812
-648
-493
-345
-210
-87
23
119
199
264
313
346
364
367
355
328
291
240
179
110
32
-51
-136
-224
-313
-400
-485
-565
-638
-704
-759
-807
-842
-864
-875
-874
-856
-830
-788
-733
-668
-593
-506
-410
-310
-201
-91
23
139
254
364
472
574
665
751
824
886
934
971
991
996
987
962
922
867
799
716
622
516
401
276
144
8
-132
-272
-415
-552
-687
-816
-937
-1049
-1149
-1239
-1313
-1376
-1421
-1452
-1467
-1466
-1447
-1415
-1366
-1302
-1226
-1134
-1033
-922
-802
-674
-544
-408
-271
-137
-2
127
250
367
477
573
660
736
795
843
878
896
900
894
870
835
789
730
661
585
502
413
322
228
136
43
-45
-130
-208
-276
-336
-384
-421
-445
-456
-452
-435
-403
-358
-298
-225
-140
-42
65
183
307
437
572
707
846
984
1118
1248
1373
1488
1595
1691
1774
1844
1900
1942
1967
1978
1972
1950
1915
1864
1797
1721
1631
1529
1423
1306
1183
1058
930
801
676
553
435
324
222
130
50
-19
-74
-114
-140
-151
-146
-126
-91
-42
21
96
183
281
387
501
621
744
871
997
1122
1244
1361
1470
1573
1665
1748
1819
1876
1920
1949
1965
1965
1952
1924
1883
1829
1763
1686
1599
1504
1403
1296
1186
1075
963
855
750
648
555
470
393
327
276
234
207
195
195
210
238
282
336
404
481
570
666
770
879
991
1106
1217
1330
1438
1542
1637
1725
1801
1866
1917
1955
1978
1982
1974
1947
1903
1844
1769
1678
1572
1453
1320
1178
1025
866
699
529
354
180
8
-163
-328
-487
-638
-779
-908
-1027
-1131
-1223
-1299
-1360
-1408
-1440
-1457
-1461
-1451
-1428
-1397
-1351
-1297
-1237
-1171
-1101
-1027
-955
-881
-812
-746
-687
-635
-591
-558
-533
-523
-522
-536
-561
-600
-651
-713
-788
-872
-966
-1070
-1180
-1295
-1416
-1536
-1659
-1781
-1896
-2010
-2115
-2213
-2300
-2378
-2440
-2491
-2525
-2543
-2546
-2531
-2499
-2451
-2387
-2304
-2208
-2097
-1971
-1834
-1686
-1527
-1363
-1193
-1017
-843
-667
-491
-320
-156
3
152
289
416
530
629
713
783
836
873
896
902
893
870
833
784
725
654
576
494
404
310
216
123
30
-59
-142
-220
-289
-348
-398
-438
-465
-482
-486
-476
-457
-425
-382
-330
-269
-198
-125
-43
42
128
215
301
382
460
531
592
645
687
713
730
731
716
687
642
578
501
408
299
176
42
-106
-266
-433
-609
-790
-975
-1163
-1350
-1535
-1717
-1894
-2059
-2218
-2367
-2502
-2624
-2731
-2821
-2894
-2951
-2990
-3012
-3014
-3003
-2972
-2926
-2867
-2791
-2704
-2605
-2497
-2380
-2260
-2132
-2004
-1874
-1745
-1619
-1495
-1379
-1268
-1167
-1073
-992
-919
-859
-811
-772
-746
-730
-726
-729
-743
-764
-790
-822
-859
-895
-931
-968
-999
-1028
-1049
-1063
-1066
-1061
-1042
-1009
-966
-904
-830
-741
-637
-516
-384
-235
-75
96
280
471
672
877
1087
1299
1513
1723
1931
2135
2329
2516
2691
2853
3001
3135
3251
3352
3434
3496
3542
3567
3575
3563
3536
3490
3431
3355
3267
3167
3056
2938
2813
2684
2551
2419
2285
2156
2031
1910
1798
1693
1598
1512
1439
1375
1325
1286
1259
1242
1237
1241
1255
1278
1306
1340
1378
1419
1459
1500
1538
1570
1599
1619
1633
1635
1626
1607
1573
1526
1467
1392
1303
1202
1086
958
819
668
508
341
166
-14
-196
-379
-562
-742
-918
-1089
-1250
-1401
-1542
-1668
-1780
-1877
-1957
-2019
-2063
-2088
-2095
-2083
-2052
-2004
-1939
-1857
-1760
-1649
-1526
-1392
-1251
-1100
-945
-786
-624
-465
-306
-151
-2
139
273
395
508
610
698
773
834
884
918
940
951
948
935
916
885
846
806
757
707
658
609
561
521
484
452
434
420
418
428
450
482
529
587
658
742
835
938
1051
1173
1300
1435
1571
1710
1850
1986
2121
2249
2370
2479
2582
2670
2746
2806
2851
2879
2888
2880
2852
2807
2742
2660
2560
2445
2313
2167
2009
1837
1657
1468
1275
1074
876
674
473
278
87
-99
-274
-439
-596
-737
-866
-982
-1082
-1167
-1240
-1296
-1337
-1369
-1383
-1387
-1381
-1366
-1340
-1310
-1277
-1237
-1198
-1157
-1118
-1082
-1052
-1027
-1011
-1002
-1003
-1017
-1039
-1074
-1121
-1179
-1249
-1332
-1423
-1524
-1637
-1754
-1879
-2008
-2142
-2276
-2412
-2544
-2673
-2798
-2914
-3021
-3119
-3205
-3275
-3333
-3375
-3401
-3409
-3400
-3374
-3328
-3266
-3188
-3091
-2980
-2857
-2717
-2567
-2407
-2236
-2061
-1881
-1696
-1512
-1330
-1149
-972
-805
-644
-492
-352
-224
-109
-9
77
147
201
241
265
273
269
251
220
179
128
68
3
-69
-143
-218
-292
-366
-435
-500
-559
-607
-649
-679
-698
-706
-701
-683
-652
-611
-555
-489
-411
-325
-229
-126
-18
96
212
328
445
560
669
774
870
958
1035
1100
1153
1191
1215
1222
1215
1192
1154
1097
1027
943
843
733
611
479
339
194
42
-112
-268
-423
-574
-722
-862
-995
-1118
-1230
-1327
-1414
-1485
-1540
-1581
-1603
-1610
-1601
-1576
-1534
-1481
-1411
-1331
-1241
-1138
-1028
-912
-791
-664
-541
-415
-293
-175
-63
41
138
224
300
363
415
452
477
487
483
468
440
401
350
290
221
145
64
-20
-109
-195
-281
-366
-440
-513
-577
-631
-674
-708
-726
-731
-724
-699
-662
-609
-542
-460
-367
-260
-142
-14
123
267
417
570
725
879
1032
1182
1326
1464
1592
1711
1817
1911
1990
2055
2105
2138
2154
2156
2140
2109
2065
2004
1932
1848
1752
1648
1539
1422
1301
1180
1056
935
819
706
601
506
419
341
280
230
192
171
163
168
191
226
273
336
409
491
584
684
789
901
1015
1130
1244
1355
1462
1564
1657
1741
1815
1879
1929
1966
1989
1998
1993
1973
1938
1890
1829
1755
1671
1575
1471
1359
1243
1122
998
875
753
633
519
413
311
222
143
74
20
-21
-49
-61
-57
-42
-10
36
94
166
250
341
441
552
663
780
900
1017
1133
1247
1353
1452
1546
1624
1693
1750
1791
1817
1829
1824
1803
1766
1712
1645
1561
1464
1354
1233
1101
960
813
661
505
346
188
31
-120
-268
-407
-538
-660
-769
-868
-951
-1023
-1079
-1122
-1149
-1163
-1162
-1147
-1122
-1082
-1036
-977
-914
-843
-769
-689
-609
-532
-455
-383
-318
-259
-208
-170
-139
-122
-118
-124
-146
-182
-230
-291
-367
-451
-549
-654
-768
-891
-1018
-1150
-1282
-1417
-1548
-1677
-1800
-1916
-2024
-2119
-2205
-2278
-2337
-2379
-2408
-2418
-2412
-2389
-2351
-2293
-2222
-2135
-2033
-1919
-1793
-1656
-1510
-1359
-1200
-1039
-877
-715
-557
-401
-252
-110
22
145
254
352
436
504
559
597
621
630
623
603
570
524
467
401
325
243
157
67
-26
-117
-209
-297
-380
-456
-525
-585
-634
-673
-700
-714
-716
-706
-683
-648
-601
-543
-475
-398
-314
-224
-129
-32
68
168
264
358
446
525
597
659
707
743
765
771
763
738
697
639
567
477
373
254
122
-21
-175
-338
-508
-684
-864
-1045
-1227
-1406
-1581
-1751
-1912
-2063
-2204
-2333
-2447
-2549
-2632
-2701
-2752
-2787
-2804
-2804
-2790
-2758
-2711
-2651
-2579
-2493
-2400
-2298
-2187
-2074
-1955
-1836
-1718
-1603
-1488
-1381
-1279
-1185
-1101
-1026
-961
-907
-866
-834
-816
-808
-811
-825
-847
-877
-914
-958
-1003
-1054
-1103
-1153
-1198
-1242
-1278
-1307
-1328
-1336
-1335
-1320
-1290
-1247
-1190
-1115
-1026
-922
-799
-666
-516
-352
-178
6
203
404
611
822
1037
1252
1464
1675
1877
2074
2261
2436
2600
2750
2884
3001
3103
3186
3251
3298
3327
3337
3329
3307
3266
3212
3144
3065
2974
2875
2766
2654
2537
2417
2299
2182
2068
1958
1857
1760
1674
1596
1529
1474
1429
1396
1375
1365
1364
1376
1395
1422
1458
1499
1543
1591
1641
1688
1735
1779
1814
1846
1867
1879
1879
1870
1845
1808
1757
1690
1608
1514
1404
1280
1145
997
837
670
493
310
123
-67
-259
-449
-636
-816
-992
-1160
-1316
-1461
-1592
-1708
-1808
-1892
-1957
-2005
-2034
-2044
-2036
-2009
-1966
-1905
-1828
-1736
-1631
-1515
-1388
-1253
-1111
-965
-815
-663
-513
-365
-221
-83
47
170
281
382
473
550
613
667
706
731
747
750
741
724
699
666
629
587
540
494
448
404
364
330
301
282
272
272
285
308
344
392
454
528
616
713
824
944
1074
1211
1354
1502
1653
1806
1957
2107
2252
2391
2523
2643
2752
2848
2931
2997
3048
3079
3094
3089
3066
3024
2962
2883
2787
2674
2544
2402
2245
2077
1901
1716
1525
1330
1134
936
743
551
365
184
14
-146
-298
-435
-561
-672
-770
-853
-925
-979
-1023
-1052
-1069
-1077
-1073
-1064
-1046
-1023
-996
-970
-940
-911
-887
-865
-851
-843
-843
-852
-874
-904
-947
-1002
-1068
-1146
-1237
-1338
-1448
-1571
-1699
-1835
-1977
-2122
-2269
-2419
-2567
-2711
-2852
-2985
-3111
-3226
-3330
-3421
-3496
-3557
-3601
-3628
-3636
-3628
-3600
-3554
-3490
-3410
-3311
-3197
-3070
-2927
-2775
-2612
-2440
-2262
-2079
-1893
-1706
-1521
-1338
-1161
-990
-830
-675
-534
-405
-287
-186
-99
-25
32
74
103
117
117
107
83
48
7
-43
-99
-158
-220
-283
-343
-403
-456
-504
-546
-580
-602
-616
-618
-607
-585
-551
-503
-446
-375
-294
-203
-104
5
119
237
359
483
605
726
843
953
1059
1154
1239
1312
1374
1418
1451
1466
1463
1447
1413
1364
1295
1214
1117
1006
882
748
603
450
292
128
-36
-203
-370
-532
-688
-841
-983
-1114
-1237
-1343
-1437
-1516
-1581
-1627
-1660
-1676
-1674
-1660
-1627
-1582
-1523
-1453
-1371
-1282
-1182
-1078
-971
-858
-746
-636
-528
-422
-326
-235
-153
-82
-21
28
65
89
103
99
86
61
23
-26
-82
-148
-222
-298
-382
-466
-553
-636
-718
-794
-865
-927
-980
-1023
-1054
-1073
-1076
-1066
-1040
-1000
-945
-873
-787
-687
-574
-448
-311
-164
-9
154
320
490
663
833
1002
1165
1323
1474
1616
1745
1863
1967
2056
2132
2190
2232
2258
2268
2260
2239
2201
2148
2085
2008
1920
1826
1723
1614
1505
1392
1277
1167
1059
955
860
773
695
629
574
532
503
488
486
498
524
563
615
677
751
833
924
1019
1120
1225
1331
1437
1541
1640
1736
1822
1900
1970
2026
2070
2103
2120
2124
2113
2086
2046
1991
1922
1841
1747
1643
1530
1408
1279
1147
1010
872
735
600
470
346
228
121
24
-63
-135
-194
-239
-269
-282
-282
-266
-233
-189
-130
-59
24
117
219
328
442
560
679
799
915
1029
1135
1236
1328
1408
1478
1534
1578
1606
1618
1616
1599
1564
1518
1455
1376
1288
1185
1072
951
821
685
546
404
262
121
-19
-153
-281
-401
-513
-612
-702
-778
-840
-890
-924
-945
-951
-944
-922
-890
-844
-789
-724
-650
-571
-487
-401
-311
-223
-136
-55
24
94
155
208
246
275
290
292
279
254
211
157
91
7
-86
-190
-306
-429
-557
-694
-834
-974
-1116
-1257
-1393
-1523
-1649
-1762
-1867
-1960
-2039
-2104
-2155
-2190
-2208
-2211
-2195
-2165
-2117
-2055
-1977
-1888
-1784
-1669
-1546
-1413
-1275
-1133
-987
-841
-696
-553
-417
-286
-162
-49
54
145
223
287
337
373
394
400
393
371
335
289
230
162
86
2
-88
-180
-276
-372
-464
-555
-642
-723
-794
-858
-912
-952
-983
-1001
-1004
-996
-974
-938
-891
-832
-760
-680
-590
-492
-390
-282
-171
-62
49
157
260
358
448
527
597
654
697
727
741
738
720
686
633
567
484
386
274
150
12
-134
-288
-451
-619
-789
-962
-1134
-1302
-1468
-1627
-1778
-1919
-2050
-2167
-2271
-2362
-2436
-2495
-2538
-2564
-2573
-2567
-2547
-2509
-2459
-2398
-2324
-2238
-2147
-2045
-1940
-1832
-1721
-1610
-1501
-1394
-1293
-1200
-1110
-1032
-962
-904
-856
-821
-797
-785
-785
-795
-816
-847
-887
-934
-990
-1048
-1110
-1176
-1238
-1302
-1361
-1414
-1459
-1500
-1527
-1545
-1552
-1541
-1519
-1480
-1426
-1355
-1270
-1166
-1048
-917
-768
-608
-435
-252
-57
142
349
558
771
981
1190
1399
1599
1792
1976
2150
2308
2457
2587
2702
2802
2883
2947
2993
3023
3033
3029
3007
2971
2920
2858
2784
2702
2612
2514
2412
2307
2202
2097
1995
1897
1804
1719
1641
1574
1515
1468
1432
1406
1393
1390
1399
1417
1447
1483
1526
1577
1632
1690
1752
1811
1869
1926
1975
2019
2055
2081
2095
2099
2089
2066
2026
1974
1906
1820
1723
1610
1481
1341
1190
1025
853
673
484
293
99
-97
-290
-480
-666
-843
-1012
-1171
-1318
-1451
-1569
-1672
-1757
-1824
-1874
-1905
-1918
-1913
-1890
-1850
-1794
-1722
-1636
-1538
-1429
-1310
-1183
-1050
-913
-775
-636
-497
-362
-231
-106
10
119
217
304
379
443
494
533
560
575
578
572
554
527
497
457
413
370
322
273
230
187
149
122
98
85
84
93
113
150
196
256
331
419
519
631
756
888
1032
1182
1337
1498
1662
1827
1989
2151
2305
2454
2593
2723
2840
2944
3033
3105
3161
3198
3219
3218
3200
3162
3106
3030
2939
2832
2708
2571
2420
2259
2087
1910
1726
1539
1351
1162
974
792
616
443
282
129
-13
-143
-259
-364
-455
-531
-597
-648
-686
-715
-731
-736
-737
-727
-711
-694
-673
-651
-631
-615
-599
-591
-589
-594
-611
-636
-673
-721
-783
-854
-940
-1037
-1146
-1265
-1394
-1534
-1680
-1834
-1992
-2154
-2317
-2480
-2640
-2797
-2949
-3093
-3228
-3352
-3464
-3561
-3643
-3709
-3759
-3788
-3800
-3794
-3769
-3725
-3663
-3583
-3485
-3373
-3246
-3105
-2953
-2793
-2621
-2445
-2264
-2078
-1895
-1712
-1531
-1356
-1188
-1028
-877
-740
-612
-497
-397
-310
-237
-180
-137
-107
-92
-88
-94
-114
-141
-176
-218
-264
-313
-365
-414
-463
-508
-547
-580
-605
-621
-627
-623
-606
-578
-539
-485
-421
-345
-258
-161
-56
59
181
307
438
569
702
833
961
1084
1198
1306
1403
1488
1561
1620
1663
1691
1702
1695
1671
1631
1572
1497
1408
1302
1182
1050
907
753
593
425
251
78
-96
-269
-439
-603
-762
-910
-1050
-1177
-1291
-1392
-1477
-1548
-1602
-1641
-1663
-1672
-1662
-1640
-1605
-1554
-1494
-1424
-1345
-1259
-1169
-1072
-977
-878
-783
-692
-603
-522
-448
-384
-328
-286
-252
-231
-223
-227
-244
-272
-311
-360
-421
-486
-561
-641
-725
-813
-901
-990
-1072
-1154
-1227
-1293
-1351
-1398
-1430
-1453
-1462
-1452
-1431
-1392
-1337
-1266
-1180
-1077
-962
-833
-691
-538
-375
-205
-26
156
341
528
713
894
1072
1242
1403
1558
1698
1827
1942
2042
2125
2194
2245
2279
2299
2301
2288
2261
2219
2163
2099
2021
1936
1846
1748
1648
1548
1448
1348
1255
1163
1081
1007
941
887
845
815
796
793
801
821
856
902
958
1027
1104
1188
1280
1377
1475
1576
1678
1776
1873
1964
2048
2123
2189
2244
2285
2315
2329
2329
2315
2285
2240
2180
2106
2018
1917
1805
1682
1550
1413
1267
1118
966
814
663
516
372
237
110
-8
-114
-206
-287
-352
-402
-438
-456
-459
-447
-418
-376
-321
-253
-171
-83
16
123
233
347
465
580
694
806
908
1004
1093
1170
1236
1293
1333
1358
1373
1368
1350
1317
1271
1211
1138
1052
956
851
737
618
492
365
235
107
-19
-141
-257
-367
-467
-559
-639
-706
-760
-802
-828
-841
-839
-822
-794
-751
-698
-632
-557
-473
-383
-286
-188
-86
16
115
212
304
390
465
534
589
632
665
680
681
669
642
597
542
470
384
287
179
59
-69
-203
-343
-486
-633
-779
-924
-1064
-1199
-1328
-1446
-1556
-1652
-1737
-1806
-1863
-1902
-1927
-1934
-1926
-1903
-1862
-1809
-1741
-1659
-1568
-1467
-1354
-1237
-1112
-984
-856
-726
-599
-475
-358
-246
-145
-51
31
100
157
200
229
244
244
230
203
162
110
48
-27
-110
-199
-295
-396
-497
-601
-703
-800
-894
-983
-1062
-1135
-1197
-1247
-1285
-1309
-1321
-1318
-1301
-1272
-1227
-1170
-1102
-1020
-929
-830
-722
-608
-492
-371
-249
-131
-16
98
202
300
389
464
528
580
615
636
641
628
601
557
496
421
331
226
110
-17
-155
-300
-452
-608
-766
-927
-1087
-1243
-1394
-1540
-1677
-1804
-1921
-2024
-2114
-2191
-2252
-2298
-2328
-2343
-2341
-2324
-2294
-2250
-2191
-2124
-2047
-1958
-1864
-1763
-1658
-1552
-1445
-1338
-1237
-1138
-1045
-962
-886
-819
-764
-720
-686
-667
-659
-663
-679
-709
-747
-794
-852
-914
-986
-1060
-1138
-1216
-1296
-1371
-1442
-1510
-1566
-1615
-1654
-1680
-1693
-1694
-1676
-1646
-1599
-1533
-1454
-1357
-1243
-1115
-975
-817
-651
-474
-285
-91
109
314
520
724
927
1127
1320
1506
1682
1848
2000
2142
2265
2375
2468
2545
2603
2645
2671
2679
2674
2652
2616
2567
2510
2439
2362
2278
2189
2097
2003
1909
1817
1730
1646
1570
1502
1442
1392
1353
1324
1307
1303
1307
1326
1354
1391
1439
1494
1555
1623
1694
1766
1841
1915
1985
2052
2114
2165
2209
2243
2262
2272
2266
2246
2210
2160
2092
2008
1911
1797
1669
1529
1376
1212
1039
857
669
478
283
88
-105
-295
-481
-657
-826
-982
-1128
-1260
-1377
-1479
-1563
-1630
-1680
-1711
-1724
-1721
-1700
-1663
-1610
-1543
-1462
-1370
-1267
-1156
-1039
-915
-789
-662
-535
-410
-289
-172
-63
39
131
213
283
344
391
426
451
462
462
453
432
402
367
324
276
226
173
119
70
23
-22
-58
-87
-107
-117
-114
-100
-72
-29
25
95
178
275
385
507
642
786
939
1099
1267
1436
1609
1781
1953
2122
2286
2442
2588
2725
2848
2958
3052
3130
3190
3234
3259
3263
3251
3217
3167
3097
3012
2909
2792
2662
2521
2368
2205
2037
1862
1686
1507
1329
1153
982
818
659
510
369
240
121
17
-78
-158
-225
-280
-322
-354
-375
-387
-388
-385
-375
-360
-341
-326
-306
-289
-280
-273
-273
-282
-299
-325
-367
-416
-478
-556
-643
-744
-859
-984
-1118
-1267
-1421
-1584
-1753
-1926
-2102
-2279
-2457
-2630
-2799
-2961
-3116
-3261
-3393
-3514
-3619
-3708
-3780
-3835
-3871
-3888
-3886
-3866
-3826
-3767
-3692
-3598
-3490
-3367
-3231
-3083
-2926
-2759
-2590
-2414
-2235
-2056
-1880
-1705
-1536
-1376
-1221
-1077
-945
-825
-714
-620
-539
-469
-416
-376
-347
-332
-330
-335
-352
-376
-405
-442
-483
-522
-565
-606
-642
-674
-701
-719
-729
-730
-719
-698
-665
-619
-561
-491
-409
-315
-212
-97
24
153
289
429
572
716
859
999
1136
1266
1388
1501
1601
1689
1765
1824
1866
1894
1903
1894
1867
1823
1760
1682
1588
1478
1352
1215
1068
908
743
571
394
215
38
-140
-314
-481
-644
-795
-937
-1069
-1186
-1289
-1380
-1453
-1512
-1557
-1584
-1597
-1595
-1581
-1550
-1511
-1459
-1399
-1332
-1257
-1178
-1098
-1016
-933
-854
-777
-707
-643
-588
-541
-505
-480
-465
-464
-472
-494
-527
-572
-625
-691
-765
-843
-931
-1021
-1113
-1208
-1303
-1393
-1483
-1566
-1641
-1706
-1761
-1805
-1834
-1850
-1850
-1835
-1803
-1756
-1690
-1608
-1511
-1396
-1269
-1127
-971
-806
-632
-449
-258
-64
133
331
528
720
910
1089
1263
1424
1573
1712
1835
1944
2037
2115
2174
2219
2246
2257
2256
2237
2205
2162
2107
2042
1971
1892
1808
1723
1635
1549
1467
1387
1312
1246
1187
1137
1099
1072
1056
1053
1062
1084
1117
1163
1220
1286
1362
1446
1536
1632
1731
1832
1934
2032
2128
2220
2305
2381
2448
2504
2549
2578
2594
2595
2580
2550
2505
2442
2366
2275
2170
2053
1923
1783
1635
1480
1319
1156
990
825
660
500
346
199
61
-65
-182
-283
-370
-443
-500
-541
-567
-576
-568
-547
-510
-460
-396
-321
-238
-146
-46
59
165
277
385
491
595
693
782
864
935
992
1042
1077
1097
1105
1099
1077
1041
995
932
861
778
684
582
476
361
245
129
9
-107
-219
-327
-428
-519
-603
-674
-733
-781
-814
-834
-838
-830
-805
-768
-717
-654
-578
-491
-397
-293
-185
-71
44
162
278
391
499
602
699
783
859
922
971
1006
1029
1032
1023
999
956
900
830
744
646
539
417
289
155
13
-132
-276
-422
-569
-708
-845
-974
-1093
-1202
-1301
-1386
-1457
-1516
-1557
-1585
-1597
-1592
-1573
-1541
-1492
-1431
-1359
-1276
-1184
-1086
-980
-870
-758
-644
-533
-423
-318
-220
-129
-48
23
82
130
163
184
191
182
161
125
77
15
-58
-139
-231
-331
-436
-546
-660
-773
-887
-999
-1105
-1206
-1301
-1383
-1457
-1521
-1572
-1608
-1632
-1641
-1633
-1614
-1578
-1527
-1466
-1391
-1302
-1206
-1100
-984
-865
-741
-613
-487
-361
-237
-122
-10
93
187
269
338
394
435
462
471
466
444
406
353
286
203
108
1
-117
-244
-378
-519
-663
-806
-953
-1098
-1239
-1375
-1504
-1625
-1735
-1835
-1922
-1995
-2055
-2099
-2128
-2144
-2142
-2127
-2098
-2054
-1998
-1930
-1853
-1765
-1671
-1573
-1468
-1362
-1255
-1149
-1044
-947
-851
-766
-689
-621
-564
-521
-488
-467
-461
-466
-485
-516
-559
-612
-676
-747
-825
-911
-999
-1091
-1183
-1274
-1362
-1447
-1523
-1593
-1654
-1701
-1737
-1759
-1767
-1759
-1737
-1695
-1640
-1566
-1477
-1372
-1252
-1118
-970
-812
-641
-463
-277
-86
108
303
498
691
880
1062
1235
1402
1556
1698
1827
1940
2039
2123
2190
2240
2276
2294
2297
2286
2260
2222
2173
2114
2045
1970
1890
1807
1722
1638
1553
1471
1397
1326
1264
1211
1168
1134
1114
1103
1105
1119
1143
1179
1226
1285
1349
1423
1503
1587
1675
1765
1852
1940
2025
2103
2177
2240
2293
2336
2366
2381
2383
2368
2337
2292
2230
2151
2057
1948
1822
1685
1536
1373
1204
1028
843
655
466
273
85
-100
-281
-453
-616
-770
-909
-1036
-1148
-1246
-1326
-1389
-1436
-1465
-1476
-1472
-1450
-1413
-1364
-1298
-1221
-1134
-1037
-932
-823
-709
-592
-476
-361
-249
-142
-42
54
139
214
280
333
375
406
424
429
426
410
383
350
305
256
201
142
79
19
-43
-101
-151
-201
-241
-271
-292
-303
-298
-283
-253
-207
-148
-74
16
119
233
363
503
654
813
981
1154
1330
1511
1687
1865
2038
2206
2366
2519
2658
2786
2900
2997
3079
3144
3190
3217
3227
3217
3190
3144
3081
3001
2905
2796
2672
2538
2396
2244
2085
1924
1759
1593
1429
1266
1110
959
815
680
557
442
339
249
168
103
49
6
-25
-44
-57
-59
-53
-44
-27
-9
10
30
49
62
71
74
68
52
28
-9
-59
-118
-194
-282
-383
-497
-624
-762
-911
-1073
-1240
-1418
-1598
-1786
-1975
-2164
-2352
-2537
-2717
-2890
-3054
-3207
-3349
-3476
-3589
-3685
-3764
-3825
-3867
-3890
-3894
-3879
-3845
-3793
-3723
-3636
-3533
-3417
-3287
-3147
-2998
-2839
-2677
-2511
-2341
-2173
-2006
-1841
-1683
-1532
-1387
-1255
-1132
-1021
-921
-836
-762
-701
-656
-621
-598
-589
-588
-597
-616
-640
-667
-702
-737
-773
-809
-841
-868
-892
-906
-914
-911
-897
-872
-836
-786
-725
-651
-564
-466
-356
-235
-106
31
177
325
478
635
790
945
1096
1241
1379
1509
1627
1735
1826
1905
1968
2013
2041
2052
2043
2016
1972
1908
1829
1733
1622
1496
1358
1209
1050
882
709
532
353
175
-3
-176
-342
-503
-656
-797
-928
-1046
-1148
-1240
-1314
-1374
-1418
-1451
-1466
-1468
-1459
-1435
-1401
-1358
-1306
-1246
-1185
-1116
-1047
-982
-912
-848
-789
-735
-687
-652
-622
-605
-598
-604
-621
-650
-690
-740
-804
-874
-956
-1044
-1139
-1238
-1343
-1448
-1550
-1655
-1752
-1848
-1935
-2014
-2080
-2138
-2182
-2209
-2224
-2221
-2200
-2163
-2110
-2037
-1949
-1843
-1722
-1586
-1435
-1271
-1096
-913
-721
-523
-320
-116
91
295
494
692
879
1058
1228
1384
1527
1660
1774
1873
1959
2025
2077
2114
2134
2138
2131
2110
2076
2035
1982
1922
1858
1789
1717
1647
1576
1508
1446
1390
1340
1300
1268
1247
1239
1239
1254
1280
1318
1366
1426
1497
1574
1663
1757
1855
1959
2065
2169
2275
2376
2472
2562
2644
2716
2778
2828
2864
2885
2891
2882
2855
2813
2754
2679
2589
2484
2364
2233
2090
1935
1774
1605
1430
1253
1077
898
723
553
388
231
85
-52
-176
-285
-381
-461
-525
-574
-606
-622
-622
-607
-577
-535
-478
-412
-336
-253
-161
-66
32
133
231
328
421
507
586
659
718
767
807
831
844
844
828
800
761
706
642
567
481
390
289
184
75
-36
-148
-257
-365
-466
-560
-649
-724
-792
-847
-889
-917
-932
-932
-915
-886
-841
-782
-710
-627
-531
-426
-311
-190
-62
70
202
335
466
594
715
831
936
1032
1117
1189
1247
1290
1317
1327
1324
1302
1265
1214
1147
1065
972
867
748
625
492
354
213
70
-72
-213
-350
-483
-607
-725
-830
-927
-1009
-1079
-1134
-1175
-1202
-1213
-1211
-1192
-1164
-1119
-1064
-998
-923
-838
-748
-657
-557
-459
-361
-265
-172
-87
-7
64
124
175
212
236
247
244
227
196
151
93
22
-61
-154
-258
-369
-486
-609
-736
-864
-993
-1119
-1242
-1359
-1469
-1571
-1662
-1741
-1809
-1863
-1902
-1927
-1938
-1930
-1909
-1874
-1821
-1756
-1680
-1590
-1489
-1381
-1263
-1140
-1014
-883
-752
-625
-498
-377
-265
-160
-63
20
93
153
196
225
241
238
221
189
141
80
6
-82
-180
-287
-405
-527
-654
-785
-917
-1049
-1176
-1301
-1419
-1531
-1633
-1725
-1805
-1873
-1928
-1968
-1994
-2004
-2001
-1982
-1950
-1904
-1845
-1774
-1693
-1604
-1506
-1402
-1294
-1185
-1071
-961
-851
-746
-649
-556
-472
-400
-338
-286
-251
-226
-214
-218
-235
-264
-306
-362
-425
-501
-586
-677
-771
-874
-975
-1080
-1184
-1281
-1376
-1464
-1542
-1611
-1670
-1713
-1744
-1762
-1761
-1747
-1715
-1667
-1601
-1522
-1423
-1313
-1188
-1050
-903
-743
-576
-402
-224
-41
141
323
502
676
844
1002
1154
1293
1421
1535
1635
1719
1790
1843
1880
1905
1912
1906
1887
1855
1809
1757
1693
1622
1547
1468
1387
1304
1226
1149
1077
1011
952
901
861
831
812
808
812
832
863
905
959
1026
1098
1181
1273
1369
1471
1575
1680
1784
1886
1982
2074
2160
2234
2300
2352
2391
2416
2427
2419
2398
2359
2302
2232
2144
2041
1923
1793
1649
1495
1333
1161
986
806
624
440
261
84
-88
-252
-406
-551
-682
-800
-903
-993
-1065
-1121
-1162
-1185
-1191
-1183
-1158
-1118
-1067
-1001
-927
-843
-749
-649
-547
-439
-332
-226
-121
-21
73
160
239
308
368
416
452
478
490
490
479
456
423
382
330
271
208
138
66
-7
-80
-152
-218
-280
-334
-380
-416
-439
-453
-452
-437
-407
-362
-301
-227
-136
-32
86
219
361
514
675
847
1021
1200
1381
1562
1741
1916
2085
2245
2399
2538
2667
2781
2880
2962
3029
3077
3105
3117
3110
3085
3042
2984
2908
2819
2717
2601
2476
2341
2202
2054
1904
1752
1600
1449
1304
1162
1027
901
782
676
579
493
419
358
308
270
244
226
221
222
232
246
267
290
317
343
366
389
405
413
415
410
389
361
320
264
197
116
18
-92
-214
-353
-500
-661
-832
-1009
-1195
-1389
-1585
-1782
-1982
-2179
-2373
-2561
-2743
-2913
-3072
-3221
-3355
-3474
-3576
-3661
-3727
-3776
-3804
-3813
-3805
-3776
-3731
-3667
-3589
-3493
-3386
-3265
-3134
-2994
-2846
-2694
-2538
-2382
-2226
-2072
-1921
-1776
-1638
-1509
-1388
-1279
-1181
-1094
-1022
-962
-912
-876
-853
-838
-837
-845
-858
-881
-910
-940
-975
-1010
-1042
-1075
-1104
-1124
-1141
-1149
-1146
-1133
-1109
-1072
-1022
-961
-885
-797
-697
-583
-459
-325
-181
-29
128
292
457
623
791
956
1116
1271
1418
1554
1681
1793
1891
1975
2041
2090
2121
2135
2128
2104
2061
2000
1922
1827
1718
1593
1459
1312
1155
991
822
647
473
298
123
-45
-208
-364
-511
-647
-776
-888
-987
-1077
-1147
-1205
-1250
-1279
-1293
-1298
-1289
-1268
-1238
-1201
-1155
-1103
-1049
-990
-933
-875
-821
-771
-727
-689
-660
-640
-628
-630
-641
-665
-701
-749
-807
-878
-958
-1047
-1146
-1250
-1360
-1475
-1592
-1708
-1826
-1939
-2047
-2150
-2244
-2328
-2401
-2462
-2507
-2538
-2551
-2549
-2529
-2490
-2434
-2358
-2267
-2158
-2032
-1890
-1737
-1567
-1389
-1201
-1002
-802
-595
-386
-175
31
237
436
626
809
982
1142
1290
1424
1542
1647
1736
1808
1865
1907
1934
1947
1947
1935
1913
1879
1841
1793
1740
1687
1630
1574
1521
1471
1425
1388
1358
1336
1324
1322
1331
1353
1386
1430
1487
1552
1629
1716
1808
1909
2017
2127
2240
2355
2467
2579
2686
2785
2877
2960
3031
3091
3138
3168
3185
3185
3169
3134
3083
3015
2930
2830
2715
2585
2442
2289
2123
1951
1772
1587
1400
1213
1025
842
664
492
326
172
29
-103
-219
-320
-408
-479
-533
-573
-595
-602
-596
-574
-538
-491
-434
-366
-293
-211
-128
-42
46
134
217
297
371
436
495
542
578
604
617
615
604
580
540
492
430
357
275
187
89
-12
-116
-226
-334
-441
-546
-647
-739
-827
-903
-968
-1022
-1062
-1089
-1101
-1100
-1081
-1049
-1000
-938
-859
-768
-666
-550
-428
-296
-156
-12
134
285
432
578
721
855
982
1099
1206
1300
1382
1448
1499
1535
1554
1557
1543
1512
1465
1407
1331
1244
1145
1034
917
792
660
525
391
253
120
-9
-133
-253
-360
-459
-550
-624
-688
-739
-775
-797
-808
-801
-782
-753
-708
-655
-593
-522
-444
-362
-276
-189
-102
-16
66
143
212
275
327
368
397
414
416
405
381
340
287
219
138
45
-59
-175
-299
-430
-568
-708
-852
-997
-1141
-1281
-1418
-1547
-1668
-1781
-1880
-1968
-2043
-2102
-2147
-2178
-2191
-2187
-2170
-2135
-2085
-2023
-1946
-1856
-1760
-1651
-1533
-1413
-1287
-1156
-1029
-901
-775
-657
-544
-438
-345
-261
-190
-131
-87
-57
-41
-41
-56
-85
-129
-186
-254
-335
-425
-524
-631
-743
-859
-976
-1094
-1211
-1323
-1430
-1531
-1624
-1707
-1780
-1840
-1888
-1921
-1941
-1946
-1937
-1914
-1876
-1824
-1760
-1684
-1596
-1500
-1395
-1284
-1167
-1049
-928
-807
-692
-576
-467
-365
-271
-187
-115
-56
-8
25
45
50
41
17
-20
-69
-133
-207
-291
-384
-485
-589
-700
-810
-921
-1033
-1141
-1240
-1338
-1425
-1499
-1566
-1618
-1655
-1679
-1687
-1677
-1654
-1615
-1557
-1486
-1398
-1296
-1181
-1055
-915
-770
-615
-455
-291
-123
44
211
373
531
681
824
957
1077
1186
1283
1365
1432
1486
1523
1546
1554
1548
1528
1496
1454
1400
1339
1268
1194
1114
1033
950
867
791
717
650
591
540
497
468
449
442
449
469
500
547
605
672
754
844
942
1049
1162
1276
1394
1515
1632
1748
1860
1962
2058
2147
2221
2284
2334
2368
2388
2391
2377
2347
2301
2237
2159
2065
1955
1835
1701
1556
1404
1244
1077
909
740
567
400
236
76
-75
-216
-348
-467
-572
-665
-741
-802
-847
-878
-891
-889
-873
-841
-796
-740
-672
-594
-511
-419
-321
-222
-120
-18
79
174
265
348
422
489
543
586
620
640
647
644
627
598
559
509
449
383
309
228
146
59
-28
-111
-195
-273
-343
-407
-462
-502
-535
-553
-556
-545
-519
-476
-419
-347
-256
-154
-37
93
234
385
546
716
888
1066
1245
1424
1600
1774
1937
2096
2247
2384
2510
2621
2717
2797
2862
2906
2935
2946
2939
2915
2874
2819
2746
2661
2563
2455
2335
2211
2079
1942
1807
1666
1528
1393
1262
1136
1020
909
810
722
642
576
521
477
445
427
415
417
428
443
469
498
530
564
601
633
666
694
714
730
735
729
711
683
639
582
511
425
323
210
81
-63
-216
-384
-560
-746
-937
-1137
-1338
-1542
-1747
-1950
-2150
-2342
-2529
-2704
-2869
-3022
-3159
-3281
-3388
-3477
-3547
-3600
-3633
-3648
-3644
-3621
-3581
-3524
-3454
-3367
-3268
-3156
-3036
-2906
-2771
-2632
-2489
-2346
-2203
-2065
-1930
-1801
-1679
-1566
-1463
-1370
-1288
-1219
-1161
-1116
-1082
-1059
-1050
-1049
-1057
-1076
-1100
-1130
-1165
-1202
-1240
-1279
-1315
-1345
-1373
-1393
-1404
-1408
-1399
-1379
-1348
-1303
-1243
-1171
-1087
-986
-875
-751
-614
-468
-314
-149
19
192
370
547
722
897
1065
1227
1381
1525
1657
1775
1879
1967
2038
2091
2126
2143
2140
2120
2080
2023
1948
1858
1752
1633
1501
1359
1209
1050
888
720
552
385
220
58
-97
-245
-385
-512
-631
-737
-829
-908
-975
-1025
-1065
-1091
-1101
-1101
-1093
-1072
-1041
-1007
-963
-916
-868
-817
-766
-720
-675
-635
-607
-581
-565
-561
-567
-584
-614
-655
-707
-774
-850
-938
-1035
-1142
-1255
-1378
-1504
-1632
-1764
-1894
-2023
-2148
-2268
-2377
-2481
-2571
-2651
-2718
-2768
-2802
-2819
-2820
-2799
-2763
-2707
-2633
-2541
-2432
-2306
-2163
-2009
-1839
-1660
-1470
-1273
-1069
-863
-656
-445
-239
-36
164
354
535
709
868
1013
1150
1268
1372
1463
1538
1596
1644
1673
1691
1698
1691
1675
1652
1623
1586
1548
1506
1464
1423
1385
1351
1324
1304
1291
1290
1297
1316
1346
1387
1439
1503
1578
1662
1758
1861
1972
2088
2209
2333
2460
2585
2707
2828
2941
3047
3145
3232
3305
3366
3413
3442
3457
3455
3435
3395
3340
3267
3175
3069
2947
2810
2661
2501
2328
2150
1964
1772
1580
1386
1192
1003
821
642
473
315
166
31
-90
-197
-289
-364
-424
-469
-497
-511
-510
-495
-469
-431
-381
-326
-261
-191
-120
-44
29
101
171
237
294
346
389
420
441
452
448
434
408
368
317
256
183
101
11
-87
-190
-297
-408
-516
-627
-733
-836
-933
-1021
-1102
-1171
-1228
-1272
-1303
-1316
-1317
-1301
-1267
-1220
-1157
-1079
-984
-878
-759
-629
-488
-341
-187
-27
133
297
458
617
770
918
1055
1185
1303
1405
1496
1572
1632
1674
1703
1712
1707
1684
1647
1594
1529
1450
1358
1259
1148
1033
911
788
662
537
414
294
183
74
-24
-112
-191
-258
-310
-352
-380
-393
-397
-385
-361
-327
-283
-226
-164
-95
-18
58
139
220
300
372
445
508
564
612
648
671
682
680
662
632
585
524
449
361
259
143
19
-117
-262
-413
-569
-730
-891
-1050
-1211
-1366
-1516
-1659
-1793
-1915
-2027
-2124
-2208
-2276
-2328
-2364
-2384
-2388
-2374
-2347
-2301
-2243
-2172
-2087
-1992
-1890
-1778
-1661
-1541
-1415
-1291
-1170
-1049
-934
-828
-727
-636
-559
-492
-436
-396
-369
-354
-357
-372
-400
-443
-498
-563
-639
-724
-816
-915
-1018
-1122
-1229
-1334
-1436
-1534
-1626
-1710
-1784
-1848
-1901
-1942
-1969
-1982
-1981
-1965
-1934
-1889
-1831
-1759
-1676
-1582
-1476
-1363
-1241
-1115
-984
-853
-720
-588
-461
-340
-224
-116
-19
70
143
205
253
285
302
306
293
266
227
170
103
25
-63
-163
-266
-378
-495
-610
-727
-842
-953
-1059
-1161
-1250
-1332
-1402
-1458
-1502
-1531
-1544
-1540
-1523
-1488
-1439
-1374
-1295
-1203
-1097
-981
-854
-720
-577
-433
-282
-131
21
169
314
454
585
709
821
923
1011
1088
1150
1196
1231
1249
1253
1244
1221
1184
1139
1081
1016
943
862
778
692
606
517
436
355
281
214
159
111
74
52
39
42
59
88
131
190
257
338
432
533
645
765
889
1017
1148
1279
1410
1536
1657
1773
1879
1976
2061
2135
2193
2238
2266
2277
2274
2253
2215
2162
2094
2009
1912
1801
1679
1546
1406
1258
1106
951
794
640
486
338
194
59
-66
-182
-284
-373
-450
-511
-556
-587
-604
-604
-590
-563
-521
-467
-404
-329
-246
-157
-63
33
132
231
329
422
511
593
667
732
787
831
861
879
887
879
859
828
782
727
662
586
503
415
321
223
125
25
-74
-166
-256
-338
-409
-473
-525
-563
-587
-598
-592
-573
-535
-483
-414
-330
-231
-119
6
143
289
446
609
777
947
1122
1295
1464
1632
1790
1942
2084
2215
2332
2439
2528
2601
2661
2700
2724
2731
2721
2694
2653
2596
2526
2442
2348
2244
2130
2012
1888
1761
1633
1507
1382
1260
1145
1034
934
842
759
688
630
580
546
523
508
508
517
535
561
597
635
681
729
776
825
869
911
947
977
996
1009
1008
994
969
928
871
801
716
613
498
368
223
66
-102
-282
-469
-663
-866
-1068
-1275
-1482
-1686
-1885
-2079
-2267
-2443
-2610
-2763
-2902
-3024
-3134
-3223
-3295
-3350
-3385
-3403
-3402
-3385
-3349
-3299
-3233
-3155
-3064
-2962
-2852
-2734
-2612
-2484
-2356
-2227
-2101
-1977
-1860
-1748
-1644
-1550
-1464
-1391
-1328
-1276
-1237
-1210
-1193
-1189
-1194
-1207
-1232
-1264
-1299
-1342
-1388
-1432
-1479
-1524
-1563
-1600
-1629
-1649
-1662
-1664
-1652
-1630
-1594
-1544
-1479
-1401
-1308
-1201
-1082
-950
-805
-652
-488
-316
-140
42
227
411
594
774
948
1117
1276
1425
1561
1683
1792
1883
1958
2015
2054
2073
2075
2058
2022
1970
1899
1814
1714
1601
1476
1341
1197
1049
895
736
578
421
266
116
-27
-165
-292
-409
-515
-609
-691
-761
-816
-857
-888
-904
-909
-904
-888
-863
-832
-795
-751
-706
-659
-611
-566
-526
-487
-459
-437
-423
-421
-429
-448
-479
-524
-579
-649
-731
-823
-928
-1040
-1163
-1292
-1428
-1568
-1712
-1854
-1999
-2140
-2275
-2406
-2526
-2638
-2736
-2823
-2894
-2952
-2990
-3013
-3018
-3001
-2968
-2915
-2844
-2754
-2648
-2523
-2386
-2233
-2066
-1891
-1704
-1510
-1311
-1108
-902
-700
-496
-298
-105
82
258
426
581
724
854
971
1071
1159
1233
1290
1336
1368
1387
1396
1396
1384
1367
1344
1317
1287
1258
1228
1199
1178
1158
1147
1144
1149
1165
1192
1230
1278
1340
1411
1495
1589
1693
1806
1927
2055
2188
2326
2463
2603
2741
2876
3005
3129
3243
3347
3441
3519
3585
3634
3666
3681
3680
3658
3619
3562
3487
3394
3285
3160
3020
2869
2706
2531
2349
2161
1967
1771
1576
1381
1189
1004
824
655
495
347
209
86
-21
-117
-194
-256
-305
-337
-355
-361
-351
-330
-301
-260
-212
-159
-101
-39
21
83
142
195
246
288
322
348
364
366
360
342
309
267
213
146
70
-15
-111
-212
-320
-433
-548
-664
-780
-893
-1001
-1107
-1203
-1290
-1368
-1432
-1484
-1522
-1545
-1551
-1542
-1516
-1473
-1413
-1339
-1247
-1141
-1023
-891
-748
-595
-436
-267
-99
74
250
421
590
754
911
1058
1197
1322
1434
1533
1616
1684
1736
1771
1788
1792
1777
1748
1704
1647
1576
1498
1408
1309
1206
1095
984
871
758
648
544
443
349
268
192
127
75
35
4
-10
-14
-6
17
48
89
141
201
265
339
414
491
571
647
722
789
853
906
951
986
1009
1017
1014
996
961
913
848
768
674
567
444
312
167
12
-150
-319
-493
-671
-848
-1026
-1199
-1369
-1533
-1688
-1834
-1969
-2091
-2199
-2293
-2370
-2432
-2477
-2505
-2515
-2511
-2489
-2452
-2402
-2337
-2260
-2174
-2078
-1973
-1866
-1753
-1636
-1522
-1408
-1296
-1192
-1093
-1000
-920
-849
-789
-743
-708
-689
-680
-686
-707
-738
-782
-839
-903
-978
-1062
-1148
-1241
-1338
-1434
-1530
-1625
-1715
-1800
-1877
-1946
-2004
-2050
-2085
-2106
-2114
-2107
-2085
-2049
-1998
-1932
-1853
-1762
-1658
-1544
-1421
-1290
-1151
-1010
-864
-717
-571
-429
-289
-157
-32
82
187
279
358
424
474
510
529
533
521
494
453
397
329
248
160
59
-47
-159
-276
-394
-510
-629
-741
-847
-950
-1041
-1123
-1195
-1253
-1296
-1329
-1344
-1344
-1331
-1301
-1256
-1196
-1125
-1038
-942
-835
-719
-596
-467
-333
-199
-64
72
203
330
450
563
665
756
838
904
960
999
1026
1037
1036
1018
988
947
892
829
754
674
585
495
399
303
206
112
23
-62
-138
-208
-264
-311
-345
-366
-372
-367
-345
-308
-260
-193
-116
-26
76
189
306
435
569
705
847
987
1125
1260
1392
1514
1629
1735
1825
1907
1974
2026
2062
2084
2087
2075
2047
2002
1944
1871
1784
1685
1576
1456
1329
1196
1059
919
779
640
504
375
250
135
28
-68
-152
-222
-279
-322
-349
-363
-361
-346
-316
-275
-219
-153
-79
6
97
192
292
395
494
594
692
783
868
947
1014
1072
1119
1154
1173
1182
1176
1156
1125
1079
1021
953
873
783
689
585
477
369
257
145
37
-68
-168
-258
-341
-413
-472
-519
-552
-568
-571
-558
-527
-482
-420
-342
-250
-146
-26
104
242
391
544
704
866
1031
1192
1353
1509
1658
1800
1932
2051
2158
2254
2333
2397
2446
2478
2494
2494
2477
2444
2399
2339
2265
2180
2088
1983
1874
1761
1641
1522
1403
1284
1169
1063
958
864
780
702
637
584
542
512
496
489
496
513
540
578
622
673
730
790
852
916
976
1035
1089
1134
1174
1204
1222
1228
1223
1201
1166
1114
1047
966
867
754
625
484
327
162
-17
-202
-396
-594
-796
-999
-1203
-1405
-1602
-1793
-1978
-2152
-2314
-2465
-2601
-2721
-2828
-2915
-2986
-3040
-3076
-3093
-3095
-3078
-3045
-2999
-2938
-2865
-2781
-2689
-2587
-2480
-2368
-2254
-2138
-2025
-1915
-1807
-1707
-1613
-1528
-1453
-1388
-1332
-1289
-1259
-1238
-1230
-1234
-1247
-1271
-1304
-1342
-1390
-1442
-1496
-1555
-1612
-1669
-1723
-1772
-1814
-1850
-1876
-1889
-1894
-1885
-1862
-1826
-1774
-1707
-1627
-1532
-1420
-1297
-1162
-1012
-854
-687
-510
-329
-144
46
233
420
604
782
951
1114
1264
1402
1527
1637
1731
1807
1866
1907
1929
1934
1920
1888
1839
1775
1694
1600
1494
1375
1249
1114
974
831
685
538
393
251
114
-16
-138
-252
-354
-446
-526
-593
-648
-690
-720
-738
-743
-738
-722
-699
-665
-627
-586
-540
-491
-444
-397
-352
-316
-282
-257
-243
-237
-240
-261
-290
-331
-390
-457
-538
-634
-739
-855
-983
-1120
-1261
-1409
-1561
-1717
-1872
-2027
-2177
-2323
-2462
-2592
-2712
-2819
-2912
-2990
-3053
-3097
-3125
-3133
-3124
-3094
-3046
-2980
-2894
-2793
-2674
-2541
-2393
-2234
-2062
-1883
-1697
-1503
-1309
-1110
-914
-720
-531
-345
-169
-1
158
304
438
561
670
763
846
912
966
1009
1036
1054
1063
1062
1052
1041
1020
998
975
956
934
917
907
900
904
915
937
969
1013
1067
1134
1214
1303
1406
1518
1641
1772
1911
2055
2205
2357
2510
2663
2814
2961
3103
3237
3360
3474
3574
3660
3731
3785
3822
3840
3842
3823
3786
3731
3658
3565
3457
3334
3194
3043
2881
2708
2528
2342
2149
1956
1763
1569
1381
1198
1020
853
697
548
415
295
188
95
17
-45
-93
-127
-146
-154
-150
-134
-109
-76
-35
10
57
108
158
206
251
293
324
352
371
378
377
364
338
301
254
192
121
40
-53
-153
-262
-377
-498
-621
-746
-871
-996
-1116
-1230
-1337
-1436
-1525
-1602
-1667
-1716
-1752
-1770
-1770
-1756
-1723
-1673
-1607
-1524
-1424
-1311
-1182
-1043
-890
-728
-560
-384
-205
-26
156
337
512
684
848
1001
1146
1278
1396
1501
1591
1663
1722
1764
1789
1798
1793
1771
1735
1689
1627
1557
1480
1393
1299
1205
1107
1007
911
815
725
641
564
495
439
391
353
329
314
314
325
347
379
425
476
537
606
677
755
835
915
993
1072
1142
1208
1268
1316
1352
1378
1392
1389
1374
1342
1295
1231
1153
1057
947
823
685
536
375
204
25
-159
-349
-541
-733
-924
-1113
-1296
-1469
-1639
-1795
-1941
-2074
-2191
-2294
-2382
-2452
-2505
-2543
-2563
-2567
-2555
-2527
-2485
-2431
-2363
-2286
-2201
-2107
-2009
-1908
-1805
-1701
-1600
-1500
-1406
-1321
-1241
-1171
-1113
-1064
-1028
-1006
-995
-995
-1011
-1038
-1076
-1127
-1187
-1254
-1332
-1415
-1501
-1591
-1684
-1774
-1865
-1952
-2031
-2106
-2171
-2226
-2270
-2303
-2321
-2324
-2314
-2290
-2248
-2194
-2123
-2038
-1940
-1830
-1707
-1574
-1433
-1285
-1131
-972
-811
-650
-492
-336
-186
-43
93
216
328
429
515
585
643
681
704
713
703
679
641
588
522
446
356
259
156
46
-69
-183
-298
-414
-522
-628
-725
-814
-895
-964
-1019
-1062
-1093
-1106
-1108
-1094
-1065
-1022
-969
-900
-819
-729
-628
-521
-407
-289
-167
-46
75
193
308
417
518
612
694
766
824
871
902
920
924
913
890
851
802
738
665
581
489
390
287
180
71
-37
-146
-249
-347
-439
-522
-595
-657
-707
-742
-764
-769
-762
-737
-699
-645
-577
-496
-400
-294
-177
-51
81
220
364
508
653
798
937
1074
1202
1321
1432
1531
1614
1689
1746
1787
1815
1826
1820
1800
1765
1714
1652
1575
1487
1391
1284
1171
1053
932
808
686
565
449
337
234
139
53
-22
-84
-133
-169
-190
-197
-191
-169
-134
-86
-27
44
125
215
312
414
520
629
738
845
950
1048
1141
1227
1304
1369
1423
1465
1493
1507
1507
1495
1465
1423
1369
1300
1220
1131
1031
923
811
692
571
451
330
211
98
-11
-111
-200
-280
-349
-402
-442
-467
-476
-469
-447
-408
-353
-285
-200
-104
6
127
256
394
537
685
836
988
1137
1284
1427
1563
1689
1808
1913
2007
2088
2153
2204
2240
2260
2263
2253
2225
2184
2131
2063
1985
1896
1800
1695
1585
1472
1357
1240
1128
1017
909
812
720
636
564
503
450
414
389
375
376
388
411
445
491
543
605
674
746
823
900
977
1052
1125
1189
1249
1297
1337
1366
1381
1383
1369
1342
1295
1236
1159
1066
958
837
699
549
389
215
36
-152
-345
-542
-738
-938
-1130
-1319
-1506
-1681
-1849
-2004
-2149
-2277
-2392
-2492
-2573
-2639
-2689
-2721
-2734
-2735
-2717
-2685
-2640
-2582
-2511
-2432
-2345
-2251
-2153
-2052
-1948
-1846
-1747
-1649
-1557
-1475
-1397
-1331
-1274
-1228
-1193
-1171
-1159
-1160
-1173
-1194
-1229
-1272
-1322
-1381
-1445
-1511
-1584
-1656
-1727
-1796
-1862
-1921
-1973
-2018
-2049
-2072
-2081
-2075
-2057
-2024
-1974
-1910
-1831
-1735
-1625
-1502
-1365
-1215
-1058
-889
-712
-531
-345
-156
31
218
402
578
748
909
1058
1195
1320
1428
1521
1596
1656
1696
1719
1725
1711
1682
1637
1575
1500
1411
1311
1201
1082
956
826
692
558
426
294
166
45
-71
-177
-274
-361
-436
-499
-550
-589
-614
-630
-632
-623
-605
-578
-542
-499
-453
-400
-348
-294
-242
-193
-147
-109
-77
-54
-41
-41
-49
-74
-110
-161
-225
-303
-394
-498
-614
-740
-876
-1023
-1175
-1332
-1495
-1659
-1822
-1987
-2145
-2298
-2445
-2582
-2707
-2821
-2920
-3004
-3072
-3121
-3154
-3167
-3162
-3137
-3095
-3032
-2954
-2856
-2745
-2619
-2478
-2327
-2164
-1993
-1815
-1633
-1447
-1261
-1077
-892
-714
-543
-378
-222
-77
59
181
292
389
471
543
601
646
680
704
715
720
716
704
691
673
653
634
618
602
594
593
597
609
634
668
713
773
842
925
1021
1127
1244
1374
1512
1658
1815
1974
2138
2305
2474
2640
2805
2962
3114
3258
3392
3514
3622
3716
3794
3855
3897
3922
3927
3913
3881
3830
3760
3672
3568
3449
3314
3167
3009
2840
2666
2485
2298
2111
1923
1737
1554
1378
1208
1046
896
755
627
513
413
324
252
194
147
116
99
90
95
108
129
159
194
231
273
315
353
391
425
451
472
484
486
478
460
430
388
334
268
190
102
2
-105
-221
-345
-473
-607
-743
-880
-1015
-1149
-1277
-1399
-1513
-1616
-1708
-1788
-1855
-1904
-1940
-1957
-1957
-1939
-1905
-1850
-1779
-1693
-1588
-1470
-1337
-1192
-1034
-870
-696
-516
-332
-147
40
222
400
576
741
899
1047
1182
1303
1412
1505
1581
1645
1689
1719
1734
1734
1718
1692
1653
1600
1541
1471
1396
1318
1235
1149
1066
983
904
832
764
705
654
614
582
565
557
561
578
605
643
691
749
814
888
966
1048
1133
1221
1307
1390
1471
1543
1610
1666
1714
1746
1768
1775
1765
1741
1700
1642
1568
1478
1370
1249
1112
961
799
626
442
251
54
-149
-351
-556
-757
-957
-1151
-1336
-1513
-1679
-1834
-1975
-2103
-2214
-2310
-2389
-2451
-2496
-2526
-2538
-2535
-2519
-2486
-2442
-2387
-2321
-2246
-2166
-2081
-1991
-1902
-1812
-1726
-1642
-1564
-1492
-1428
-1374
-1329
-1296
-1274
-1265
-1267
-1282
-1308
-1348
-1395
-1454
-1522
-1596
-1678
-1766
-1854
-1946
-2039
-2126
-2212
-2294
-2368
-2434
-2491
-2535
-2569
-2588
-2594
-2583
-2558
-2517
-2460
-2388
-2301
-2199
-2084
-1957
-1817
-1667
-1509
-1344
-1176
-1003
-828
-653
-482
-314
-151
2
146
281
402
509
603
681
743
789
819
831
829
809
775
728
666
595
512
421
322
218
110
0
-107
-217
-320
-417
-510
-592
-664
-728
-778
-815
-842
-852
-849
-833
-803
-757
-703
-636
-558
-470
-377
-275
-167
-60
53
164
272
377
477
568
652
728
790
843
881
906
916
914
895
863
817
757
685
601
508
404
295
177
57
-67
-192
-315
-434
-548
-659
-759
-851
-930
-999
-1052
-1094
-1119
-1128
-1123
-1099
-1061
-1008
-939
-856
-763
-653
-535
-410
-273
-134
9
156
304
447
591
727
855
977
1089
1189
1276
1352
1410
1456
1488
1502
1502
1487
1458
1414
1360
1292
1214
1130
1036
935
831
726
619
514
411
314
222
139
65
2
-50
-90
-116
-130
-128
-113
-83
-41
16
84
163
252
351
457
569
687
804
925
1045
1160
1272
1379
1474
1563
1643
1708
1762
1804
1828
1839
1837
1818
1782
1736
1675
1598
1513
1416
1307
1194
1073
947
820
691
561
438
319
203
98
1
-86
-158
-218
-264
-295
-310
-310
-294
-262
-216
-154
-79
9
110
219
339
464
596
732
868
1004
1140
1272
1398
1518
1628
1730
1818
1895
1958
2007
2041
2061
2066
2054
2030
1989
1936
1870
1793
1704
1610
1507
1398
1285
1169
1054
939
828
720
620
527
443
370
307
257
218
194
181
183
197
225
265
313
375
443
519
602
691
779
872
962
1050
1135
1213
1282
1343
1393
1429
1456
1466
1461
1442
1405
1352
1283
1199
1097
983
854
713
559
397
225
47
-137
-324
-511
-699
-883
-1062
-1235
-1402
-1556
-1700
-1834
-1952
-2057
-2146
-2220
-2275
-2318
-2341
-2349
-2344
-2321
-2287
-2239
-2180
-2110
-2034
-1949
-1860
-1768
-1674
-1581
-1487
-1400
-1316
-1238
-1169
-1110
-1058
-1019
-992
-975
-973
-981
-1000
-1033
-1076
-1128
-1191
-1261
-1336
-1419
-1505
-1590
-1678
-1765
-1847
-1927
-1998
-2061
-2116
-2158
-2188
-2206
-2209
-2195
-2168
-2124
-2064
-1989
-1897
-1791
-1672
-1539
-1393
-1238
-1075
-901
-723
-542
-357
-173
9
188
360
525
682
826
958
1078
1182
1270
1341
1398
1435
1455
1460
1446
1416
1372
1313
1239
1156
1060
955
845
728
606
484
361
239
123
10
-97
-196
-285
-367
-435
-492
-538
-571
-592
-601
-599
-584
-561
-525
-483
-434
-379
-319
-258
-195
-132
-74
-18
32
74
108
134
145
146
136
107
69
15
-55
-137
-232
-344
-464
-597
-743
-893
-1052
-1216
-1385
-1554
-1723
-1891
-2055
-2214
-2364
-2506
-2634
-2753
-2855
-2943
-3014
-3067
-3102
-3121
-3120
-3099
-3061
-3004
-2930
-2839
-2735
-2614
-2482
-2340
-2187
-2027
-1859
-1688
-1515
-1342
-1169
-1001
-836
-679
-530
-389
-259
-139
-33
64
145
215
274
319
350
374
387
389
388
376
360
343
322
300
282
266
253
249
252
263
285
318
360
418
487
569
664
772
893
1023
1166
1318
1479
1647
1820
1997
2177
2357
2535
2710
2880
3041
3194
3337
3467
3583
3685
3769
3837
3886
3917
3928
3920
3893
3848
3783
3702
3604
3490
3363
3223
3072
2912
2745
2571
2395
2218
2039
1863
1691
1525
1365
1215
1074
944
827
721
629
551
486
436
397
371
358
354
360
377
399
425
458
493
528
564
596
624
649
665
673
673
663
639
606
561
502
433
351
257
153
38
-86
-218
-354
-498
-645
-793
-942
-1088
-1231
-1368
-1499
-1619
-1730
-1828
-1912
-1981
-2035
-2071
-2090
-2091
-2074
-2039
-1984
-1913
-1824
-1719
-1600
-1466
-1319
-1161
-995
-821
-641
-456
-272
-85
98
275
450
616
772
918
1054
1173
1282
1375
1452
1516
1563
1595
1613
1617
1605
1582
1549
1505
1451
1394
1329
1259
1191
1118
1048
981
918
860
811
768
736
715
702
702
713
736
769
815
869
935
1009
1089
1177
1268
1363
1459
1555
1648
1739
1824
1902
1972
2031
2077
2111
2131
2134
2121
2092
2047
1983
1902
1805
1689
1559
1414
1254
1082
900
708
509
304
93
-119
-331
-539
-748
-947
-1141
-1326
-1499
-1658
-1807
-1940
-2057
-2162
-2246
-2316
-2370
-2406
-2426
-2432
-2425
-2402
-2370
-2324
-2270
-2209
-2142
-2069
-1997
-1921
-1846
-1776
-1709
-1648
-1594
-1547
-1509
-1484
-1467
-1462
-1470
-1488
-1518
-1560
-1612
-1672
-1744
-1822
-1906
-1997
-2091
-2185
-2282
-2377
-2466
-2552
-2632
-2703
-2765
-2816
-2854
-2879
-2890
-2884
-2863
-2827
-2774
-2703
-2618
-2518
-2401
-2272
-2130
-1975
-1813
-1641
-1462
-1279
-1094
-907
-722
-539
-359
-188
-25
130
272
401
517
618
702
772
824
860
880
883
870
844
802
748
684
607
525
436
340
240
142
41
-56
-150
-240
-321
-394
-457
-510
-551
-580
-596
-600
-589
-567
-532
-483
-425
-354
-277
-190
-97
3
105
208
312
414
513
606
695
772
841
900
946
980
999
1005
996
973
933
881
813
734
641
538
424
301
173
38
-99
-241
-379
-517
-651
-778
-899
-1011
-1112
-1200
-1278
-1339
-1385
-1416
-1432
-1429
-1412
-1378
-1327
-1263
-1182
-1090
-984
-869
-744
-613
-474
-333
-191
-46
96
236
369
497
614
725
823
907
982
1040
1085
1116
1133
1133
1123
1096
1058
1008
947
877
801
718
630
540
448
356
267
182
103
30
-32
-86
-127
-156
-173
-177
-166
-142
-104
-51
14
93
182
284
393
510
634
764
896
1030
1164
1296
1424
1545
1660
1765
1861
1943
2013
2070
2112
2140
2151
2146
2126
2091
2040
1977
1899
1808
1709
1597
1479
1356
1225
1094
963
830
701
579
461
352
253
163
86
24
-26
-62
-81
-85
-75
-48
-9
45
113
193
282
383
491
605
725
846
969
1089
1209
1323
1433
1534
1627
1709
1779
1837
1881
1911
1926
1927
1913
1884
1842
1786
1718
1638
1548
1448
1342
1229
1112
992
874
755
636
526
419
320
231
152
82
28
-15
-45
-58
-60
-49
-22
18
67
132
205
286
376
471
570
672
777
877
978
1073
1160
1240
1312
1372
1418
1453
1470
1475
1463
1435
1390
1331
1255
1163
1058
937
808
665
512
351
186
13
-160
-334
-509
-679
-845
-1004
-1155
-1295
-1427
-1544
-1649
-1738
-1813
-1874
-1917
-1947
-1960
-1958
-1943
-1914
-1871
-1818
-1756
-1682
-1605
-1521
-1433
-1344
-1255
-1166
-1082
-1003
-928
-863
-807
-759
-723
-701
-688
-690
-704
-728
-768
-817
-879
-950
-1030
-1118
-1213
-1311
-1414
-1518
-1618
-1721
-1818
-1909
-1994
-2071
-2135
-2189
-2230
-2256
-2267
-2264
-2244
-2207
-2156
-2087
-2003
-1904
-1791
-1665
-1526
-1377
-1220
-1055
-885
-712
-535
-360
-186
-16
148
304
452
588
711
822
917
998
1064
1111
1142
1157
1157
1139
1106
1060
999
928
845
753
653
547
436
323
210
97
-12
-118
-217
-308
-393
-465
-529
-581
-620
-647
-664
-665
-656
-635
-604
-562
-512
-454
-388
-320
-247
-172
-98
-25
45
108
164
214
252
282
298
302
292
267
227
172
103
18
-78
-191
-315
-450
-596
-750
-910
-1077
-1249
-1420
-1591
-1760
-1925
-2084
-2237
-2378
-2508
-2628
-2730
-2819
-2891
-2946
-2982
-3002
-3002
-2985
-2949
-2897
-2828
-2742
-2644
-2530
-2405
-2270
-2128
-1977
-1823
-1664
-1504
-1345
-1187
-1034
-885
-746
-611
-489
-376
-274
-185
-107
-41
12
52
84
100
110
109
100
86
65
41
15
-11
-38
-59
-77
-90
-95
-91
-77
-52
-12
36
99
177
267
369
489
617
758
913
1073
1244
1423
1606
1792
1984
2172
2358
2542
2720
2890
3051
3200
3337
3460
3567
3659
3731
3786
3823
3840
3838
3817
3778
3721
3647
3556
3451
3332
3200
3059
2909
2752
2590
2425
2260
2095
1932
1772
1621
1475
1338
1211
1096
991
900
821
755
702
663
633
618
613
616
630
651
675
706
739
772
807
840
867
891
909
916
916
906
883
850
805
746
674
592
495
387
269
140
1
-143
-295
-452
-609
-769
-929
-1086
-1238
-1385
-1523
-1651
-1769
-1872
-1962
-2036
-2094
-2134
-2157
-2160
-2145
-2112
-2059
-1990
-1903
-1800
-1681
-1552
-1406
-1252
-1088
-915
-739
-559
-378
-195
-17
157
327
487
639
781
911
1028
1132
1220
1296
1356
1401
1431
1450
1453
1444
1424
1393
1355
1307
1255
1198
1138
1077
1018
962
908
860
817
783
758
743
737
745
762
792
835
885
948
1021
1104
1193
1291
1392
1498
1607
1715
1823
1925
2026
2118
2203
2277
2341
2390
2427
2448
2452
2439
2408
2361
2293
2210
2108
1990
1856
1706
1542
1365
1178
980
777
567
353
137
-79
-293
-502
-706
-903
-1090
-1267
-1430
-1582
-1719
-1841
-1947
-2037
-2111
-2169
-2213
-2239
-2252
-2252
-2238
-2215
-2181
-2138
-2088
-2035
-1976
-1917
-1858
-1800
-1745
-1696
-1652
-1616
-1589
-1570
-1562
-1566
-1580
-1605
-1642
-1690
-1748
-1816
-1892
-1977
-2070
-2166
-2267
-2372
-2475
-2578
-2679
-2773
-2863
-2945
-3015
-3076
-3125
-3159
-3180
-3185
-3173
-3145
-3100
-3037
-2959
-2863
-2753
-2626
-2486
-2334
-2169
-1995
-1813
-1624
-1430
-1235
-1038
-844
-653
-466
-286
-115
46
196
331
453
561
652
726
787
828
853
865
859
839
806
761
703
638
563
484
400
311
222
134
49
-34
-108
-178
-238
-288
-330
-358
-374
-379
-372
-350
-319
-274
-218
-153
-78
6
95
188
289
389
490
590
688
778
865
943
1009
1068
1112
1144
1162
1167
1155
1129
1087
1029
958
872
774
662
542
410
270
123
-26
-182
-338
-491
-644
-790
-931
-1064
-1185
-1296
-1396
-1481
-1550
-1606
-1643
-1665
-1670
-1658
-1629
-1587
-1525
-1452
-1367
-1266
-1156
-1038
-911
-779
-645
-506
-369
-235
-101
25
145
258
362
452
533
602
655
696
724
737
736
725
698
662
616
559
493
424
347
268
190
109
31
-44
-112
-176
-229
-274
-308
-329
-337
-332
-314
-280
-233
-172
-96
-8
92
204
326
456
594
737
885
1034
1184
1333
1478
1619
1753
1878
1992
2098
2188
2264
2327
2374
2404
2420
2418
2399
2367
2317
2254
2176
2087
1987
1878
1759
1635
1506
1375
1243
1112
984
860
743
634
536
447
370
306
255
219
198
192
199
221
258
306
367
441
522
613
711
813
920
1029
1137
1244
1347
1443
1535
1618
1691
1753
1804
1840
1865
1874
1869
1850
1815
1768
1707
1632
1546
1451
1344
1231
1112
986
859
731
604
477
356
239
131
32
-58
-136
-202
-254
-292
-316
-325
-319
-300
-265
-217
-157
-84
-3
89
186
293
400
511
626
736
843
947
1044
1131
1211
1278
1332
1373
1400
1412
1408
1389
1351
1301
1233
1151
1054
946
825
693
555
406
254
96
-63
-223
-381
-536
-684
-826
-960
-1082
-1196
-1295
-1383
-1455
-1514
-1557
-1586
-1599
-1597
-1582
-1554
-1514
-1461
-1400
-1329
-1251
-1167
-1079
-990
-900
-813
-726
-647
-573
-507
-448
-403
-366
-340
-331
-332
-347
-376
-419
-470
-539
-616
-701
-800
-903
-1013
-1128
-1246
-1363
-1482
-1597
-1706
-1811
-1908
-1995
-2072
-2138
-2187
-2225
-2247
-2252
-2242
-2215
-2171
-2112
-2038
-1947
-1844
-1727
-1598
-1460
-1313
-1157
-998
-837
-672
-509
-347
-189
-38
105
241
364
475
574
657
725
780
817
839
844
835
811
771
720
656
580
497
406
306
204
98
-10
-116
-220
-321
-415
-502
-582
-649
-708
-757
-793
-815
-826
-823
-807
-781
-742
-692
-634
-568
-492
-413
-328
-240
-154
-65
19
99
173
241
297
344
379
400
410
404
382
346
295
226
146
49
-62
-183
-317
-462
-614
-773
-940
-1107
-1276
-1445
-1614
-1776
-1930
-2081
-2219
-2346
-2462
-2563
-2647
-2719
-2771
-2806
-2825
-2824
-2807
-2773
-2722
-2654
-2574
-2478
-2371
-2254
-2126
-1992
-1851
-1709
-1561
-1415
-1269
-1127
-989
-858
-735
-619
-514
-419
-338
-265
-207
-160
-126
-104
-92
-90
-97
-115
-137
-166
-198
-233
-269
-306
-340
-368
-393
-408
-416
-414
-401
-375
-336
-285
-219
-139
-43
64
188
323
471
630
800
976
1159
1350
1542
1739
1933
2126
2315
2499
2673
2837
2993
3132
3260
3372
3467
3544
3604
3644
3667
3670
3654
3621
3569
3504
3420
3323
3213
3093
2961
2823
2678
2528
2377
2225
2074
1928
1786
1648
1520
1400
1289
1191
1104
1029
966
917
878
852
838
834
841
856
878
908
941
976
1016
1053
1087
1121
1148
1169
1183
1187
1180
1164
1134
1092
1038
970
887
794
687
567
437
297
147
-9
-171
-339
-508
-676
-846
-1012
-1172
-1327
-1472
-1607
-1731
-1841
-1935
-2014
-2076
-2120
-2146
-2154
-2143
-2112
-2065
-1999
-1916
-1816
-1702
-1575
-1435
-1288
-1128
-963
-793
-620
-446
-271
-100
66
226
380
520
655
776
884
980
1063
1130
1184
1224
1249
1263
1263
1253
1232
1203
1165
1119
1073
1020
967
915
864
814
774
738
709
691
679
680
692
715
749
798
855
925
1004
1095
1194
1300
1413
1529
1651
1772
1894
2013
2128
2239
2339
2432
2513
2583
2637
2679
2702
2709
2698
2670
2624
2557
2474
2372
2253
2117
1968
1802
1625
1439
1240
1035
825
612
395
181
-34
-243
-446
-640
-828
-1004
-1166
-1319
-1454
-1576
-1684
-1775
-1850
-1913
-1957
-1986
-2006
-2010
-2003
-1988
-1963
-1929
-1893
-1849
-1802
-1758
-1713
-1670
-1632
-1600
-1573
-1557
-1548
-1549
-1561
-1583
-1617
-1662
-1718
-1784
-1861
-1947
-2041
-2143
-2248
-2359
-2474
-2590
-2704
-2817
-2926
-3029
-3124
-3211
-3285
-3347
-3397
-3431
-3451
-3454
-3439
-3407
-3358
-3290
-3206
-3105
-2987
-2854
-2708
-2548
-2376
-2196
-2007
-1811
-1612
-1410
-1207
-1007
-810
-619
-435
-259
-93
60
201
328
438
535
614
678
726
757
773
775
761
735
699
650
593
530
460
386
313
236
161
90
22
-40
-93
-139
-175
-199
-214
-215
-206
-185
-151
-106
-50
16
92
175
267
362
463
563
665
768
866
962
1049
1131
1202
1262
1311
1347
1367
1372
1364
1338
1299
1242
1170
1083
982
866
739
601
454
300
138
-26
-196
-364
-532
-695
-856
-1008
-1150
-1285
-1403
-1512
-1606
-1685
-1746
-1794
-1824
-1834
-1831
-1809
-1772
-1720
-1655
-1574
-1485
-1382
-1272
-1156
-1032
-906
-778
-651
-524
-402
-286
-176
-73
19
101
171
231
278
309
331
337
332
316
286
247
200
144
80
15
-57
-130
-202
-273
-341
-403
-459
-508
-547
-574
-590
-594
-582
-557
-519
-464
-396
-313
-217
-106
14
148
290
441
598
760
926
1091
1259
1422
1582
1737
1884
2020
2146
2260
2360
2446
2516
2570
2607
2628
2631
2619
2590
2544
2486
2412
2327
2231
2125
2011
1893
1766
1639
1513
1385
1261
1143
1029
924
830
745
671
612
563
529
510
504
511
533
568
613
672
739
814
899
988
1081
1177
1274
1368
1461
1549
1630
1703
1768
1822
1865
1895
1912
1915
1903
1877
1836
1782
1714
1633
1540
1435
1321
1198
1069
934
796
655
515
377
242
114
-8
-122
-227
-318
-398
-465
-515
-553
-575
-581
-571
-549
-509
-457
-392
-314
-225
-129
-23
88
201
319
436
551
664
775
876
968
1054
1124
1185
1232
1263
1280
1283
1268
1240
1196
1136
1063
975
877
766
646
518
386
247
104
-39
-183
-323
-460
-591
-715
-828
-933
-1025
-1104
-1172
-1225
-1264
-1287
-1297
-1293
-1274
-1242
-1199
-1142
-1076
-1005
-921
-835
-744
-649
-554
-463
-370
-284
-206
-132
-71
-17
23
53
67
70
57
32
-8
-62
-128
-208
-297
-399
-508
-626
-749
-876
-1008
-1138
-1269
-1396
-1519
-1634
-1742
-1840
-1927
-2002
-2063
-2109
-2141
-2157
-2155
-2139
-2105
-2056
-1991
-1913
-1819
-1713
-1597
-1470
-1336
-1194
-1048
-899
-749
-602
-456
-313
-178
-51
68
175
270
353
421
474
513
536
544
539
516
481
432
372
301
220
131
35
-64
-167
-272
-376
-478
-577
-670
-756
-834
-903
-960
-1006
-1040
-1062
-1069
-1064
-1046
-1014
-971
-917
-850
-774
-692
-602
-507
-408
-306
-204
-106
-9
84
168
245
312
367
410
440
454
456
441
409
364
301
224
133
28
-91
-218
-358
-506
-659
-820
-981
-1145
-1307
-1470
-1625
-1775
-1915
-2048
-2169
-2277
-2372
-2450
-2515
-2562
-2592
-2606
-2603
-2583
-2547
-2495
-2428
-2348
-2255
-2152
-2036
-1917
-1788
-1656
-1523
-1387
-1253
-1121
-993
-869
-755
-648
-550
-463
-389
-325
-273
-235
-206
-192
-187
-194
-211
-238
-271
-310
-355
-401
-451
-498
-545
-589
-628
-658
-683
-697
-699
-691
-667
-631
-581
-517
-434
-340
-232
-106
30
180
342
513
692
881
1070
1266
1464
1659
1854
2045
2230
2405
2572
2728
2871
2998
3110
3207
3285
3348
3391
3415
3422
3411
3381
3337
3275
3198
3111
3010
2898
2778
2652
2518
2383
2246
2109
1975
1844
1719
1601
1491
1388
1298
1218
1149
1094
1049
1017
998
990
990
1003
1025
1053
1089
1130
1172
1218
1265
1308
1350
1388
1415
1439
1452
1455
1448
1427
1394
1348
1287
1212
1124
1022
909
781
642
495
337
172
2
-173
-350
-527
-703
-874
-1041
-1201
-1351
-1491
-1620
-1734
-1832
-1915
-1981
-2029
-2059
-2070
-2063
-2037
-1993
-1931
-1854
-1759
-1652
-1531
-1398
-1255
-1106
-949
-788
-625
-459
-297
-137
18
167
307
439
561
668
766
850
921
978
1023
1051
1070
1077
1069
1054
1030
996
956
911
863
815
765
716
672
630
597
570
553
544
547
559
586
625
673
736
810
895
991
1098
1209
1331
1458
1590
1724
1858
1993
2122
2250
2368
2480
2579
2669
2747
2807
2854
2883
2895
2887
2863
2818
2756
2674
2576
2460
2327
2180
2017
1844
1658
1464
1262
1056
846
634
425
214
11
-188
-379
-560
-731
-890
-1036
-1169
-1287
-1390
-1480
-1553
-1613
-1658
-1690
-1709
-1718
-1713
-1701
-1683
-1656
-1628
-1595
-1561
-1527
-1496
-1467
-1442
-1428
-1418
-1417
-1427
-1447
-1477
-1520
-1572
-1636
-1712
-1797
-1892
-1996
-2108
-2226
-2350
-2475
-2604
-2733
-2860
-2984
-3103
-3215
-3318
-3412
-3492
-3561
-3614
-3651
-3672
-3676
-3661
-3629
-3579
-3509
-3424
-3320
-3199
-3064
-2914
-2753
-2579
-2395
-2204
-2006
-1804
-1600
-1396
-1193
-995
-801
-616
-440
-273
-118
23
151
264
361
442
510
559
593
616
621
613
596
564
524
478
422
363
302
238
175
117
58
6
-39
-78
-107
-126
-135
-133
-117
-92
-55
-6
54
124
203
291
385
487
590
699
808
915
1019
1122
1217
1303
1384
1452
1508
1551
1581
1593
1592
1573
1538
1486
1419
1335
1235
1123
994
855
705
545
377
205
29
-153
-331
-509
-684
-852
-1012
-1167
-1307
-1436
-1554
-1654
-1740
-1810
-1864
-1899
-1921
-1922
-1909
-1881
-1836
-1778
-1709
-1628
-1536
-1437
-1328
-1219
-1103
-987
-873
-759
-650
-546
-450
-360
-282
-211
-153
-107
-73
-52
-42
-45
-59
-84
-118
-163
-214
-274
-339
-405
-476
-545
-614
-679
-741
-792
-839
-876
-903
-917
-918
-906
-878
-837
-779
-706
-619
-518
-402
-273
-133
20
180
350
525
705
888
1071
1253
1431
1605
1772
1932
2081
2218
2343
2453
2547
2627
2689
2734
2764
2774
2768
2747
2709
2655
2591
2512
2422
2323
2216
2105
1988
1869
1749
1631
1515
1404
1299
1202
1115
1037
972
918
877
849
834
832
844
868
905
950
1008
1074
1145
1224
1308
1393
1481
1568
1651
1732
1806
1873
1931
1979
2014
2039
2051
2048
2030
1998
1952
1890
1815
1727
1626
1512
1390
1258
1117
971
821
667
513
361
209
65
-74
-204
-325
-435
-532
-617
-686
-741
-779
-803
-809
-799
-775
-735
-682
-614
-536
-445
-347
-240
-128
-10
108
228
346
459
571
673
768
854
928
990
1039
1075
1093
1100
1090
1065
1026
974
906
828
738
636
528
411
290
163
38
-91
-217
-339
-459
-570
-674
-767
-852
-923
-982
-1027
-1060
-1076
-1078
-1068
-1043
-1005
-954
-893
-820
-739
-649
-556
-456
-353
-250
-147
-47
49
138
221
294
357
409
446
472
484
479
460
429
379
317
242
153
53
-56
-176
-305
-436
-576
-715
-855
-996
-1132
-1263
-1388
-1506
-1610
-1707
-1791
-1860
-1915
-1956
-1979
-1987
-1980
-1955
-1916
-1862
-1794
-1713
-1620
-1515
-1402
-1281
-1154
-1024
-891
-757
-625
-498
-374
-257
-149
-49
39
115
179
228
263
284
289
281
258
222
173
110
39
-43
-134
-230
-332
-439
-544
-649
-755
-855
-951
-1042
-1122
-1193
-1255
-1303
-1340
-1364
-1371
-1368
-1350
-1318
-1274
-1216
-1147
-1067
-977
-880
-776
-666
-555
-441
-327
-215
-107
-4
92
177
254
319
369
408
431
439
431
408
368
313
243
158
61
-50
-171
-302
-440
-587
-737
-890
-1045
-1199
-1349
-1494
-1634
-1765
-1887
-1995
-2094
-2177
-2247
-2303
-2339
-2361
-2368
-2357
-2329
-2289
-2231
-2163
-2083
-1987
-1885
-1772
-1655
-1532
-1406
-1278
-1152
-1027
-908
-793
-683
-583
-491
-411
-341
-284
-238
-205
-185
-178
-181
-196
-223
-256
-301
-352
-408
-468
-532
-596
-658
-718
-772
-822
-864
-897
-918
-930
-925
-909
-880
-832
-772
-694
-602
-495
-373
-237
-91
69
239
415
602
791
985
1179
1374
1565
1755
1935
2108
2274
2425
2565
2690
2802
2895
2973
3034
3075
3101
3108
3099
3071
3030
2973
2902
2819
2727
2624
2513
2397
2277
2154
2031
1910
1790
1678
1570
1469
1379
1297
1226
1166
1119
1082
1059
1047
1047
1057
1079
1107
1145
1191
1241
1296
1353
1410
1468
1522
1571
1615
1651
1677
1696
1701
1695
1676
1642
1594
1532
1455
1363
1259
1141
1009
867
715
552
383
209
29
-151
-332
-512
-687
-856
-1019
-1172
-1314
-1445
-1561
-1662
-1748
-1815
-1865
-1897
-1912
-1907
-1884
-1845
-1787
-1714
-1626
-1525
-1410
-1286
-1152
-1010
-864
-716
-562
-410
-260
-113
28
163
289
405
511
607
688
758
816
858
889
907
912
907
892
865
833
795
750
702
651
600
548
504
460
423
396
374
363
364
376
398
437
485
546
622
708
807
916
1035
1161
1294
1433
1577
1722
1869
2013
2154
2291
2419
2539
2648
2745
2826
2896
2947
2982
3000
2997
2977
2937
2880
2802
2708
2596
2469
2326
2170
2002
1823
1636
1440
1241
1036
834
631
431
237
47
-136
-308
-469
-622
-758
-882
-993
-1091
-1171
-1240
-1295
-1335
-1365
-1382
-1389
-1386
-1377
-1359
-1339
-1314
-1288
-1263
-1238
-1217
-1200
-1190
-1187
-1194
-1208
-1233
-1271
-1317
-1378
-1449
-1531
-1624
-1729
-1841
-1963
-2092
-2226
-2366
-2508
-2652
-2793
-2934
-3070
-3200
-3322
-3434
-3536
-3624
-3699
-3758
-3801
-3826
-3834
-3822
-3793
-3745
-3676
-3592
-3490
-3370
-3236
-3088
-2926
-2753
-2572
-2381
-2185
-1985
-1783
-1581
-1382
-1185
-994
-812
-637
-474
-323
-183
-58
53
149
231
295
346
381
403
413
408
394
369
335
295
250
200
149
97
45
-2
-43
-81
-112
-133
-146
-149
-140
-120
-89
-46
9
74
150
235
329
430
539
651
766
884
1001
1117
1228
1334
1432
1523
1603
1673
1726
1767
1794
1802
1796
1772
1730
1672
1597
1504
1398
1276
1138
992
832
663
488
307
121
-64
-253
-438
-619
-795
-961
-1121
-1268
-1403
-1524
-1633
-1723
-1799
-1860
-1901
-1928
-1937
-1931
-1909
-1874
-1823
-1762
-1692
-1611
-1522
-1428
-1329
-1226
-1125
-1022
-924
-829
-741
-660
-586
-524
-469
-427
-395
-376
-369
-372
-387
-415
-450
-495
-549
-607
-673
-742
-813
-884
-956
-1024
-1087
-1145
-1192
-1233
-1261
-1278
-1282
-1273
-1248
-1207
-1152
-1080
-992
-889
-772
-639
-495
-338
-170
7
192
383
579
775
974
1170
1362
1546
1728
1898
2057
2207
2340
2460
2565
2653
2724
2779
2815
2834
2838
2823
2794
2751
2694
2624
2545
2455
2358
2257
2151
2043
1935
1827
1723
1625
1530
1445
1370
1303
1248
1206
1174
1155
1150
1155
1174
1205
1246
1296
1356
1423
1495
1574
1653
1734
1816
1896
1971
2042
2106
2159
2204
2238
2258
2266
2260
2239
2203
2153
2089
2007
1913
1805
1685
1553
1411
1262
1105
941
775
608
439
273
111
-46
-195
-335
-466
-582
-686
-777
-851
-910
-954
-980
-989
-984
-961
-923
-872
-806
-728
-641
-544
-437
-329
-213
-95
21
137
250
357
458
551
634
707
767
815
848
869
876
866
844
808
759
696
623
538
446
344
240
130
15
-98
-211
-321
-428
-528
-622
-705
-779
-843
-892
-930
-953
-963
-958
-940
-907
-862
-802
-730
-650
-558
-460
-354
-243
-128
-16
101
214
323
429
524
611
689
756
807
848
872
882
877
855
819
766
700
618
525
419
303
176
44
-95
-239
-385
-532
-677
-821
-958
-1089
-1211
-1323
-1424
-1513
-1590
-1649
-1698
-1728
-1743
-1744
-1728
-1697
-1652
-1594
-1524
-1443
-1351
-1252
-1145
-1034
-919
-803
-687
-573
-464
-359
-264
-176
-98
-31
24
67
95
108
109
94
66
25
-30
-96
-173
-261
-357
-459
-567
-678
-792
-905
-1017
-1125
-1228
-1325
-1414
-1493
-1561
-1618
-1661
-1691
-1707
-1708
-1694
-1666
-1626
-1569
-1500
-1421
-1328
-1227
-1119
-1003
-882
-760
-635
-511
-390
-271
-159
-55
41
126
197
258
304
333
349
349
333
302
255
192
117
28
-73
-186
-307
-436
-569
-708
-850
-992
-1133
-1270
-1402
-1528
-1646
-1753
-1849
-1933
-2002
-2058
-2099
-2125
-2134
-2129
-2108
-2071
-2022
-1957
-1881
-1794
-1698
-1591
-1480
-1362
-1241
-1117
-995
-875
-756
-646
-540
-443
-355
-278
-211
-157
-117
-86
-72
-69
-78
-100
-134
-175
-229
-292
-358
-432
-508
-586
-664
-743
-814
-884
-945
-996
-1040
-1072
-1091
-1096
-1088
-1063
-1025
-969
-898
-813
-711
-595
-464
-323
-167
-5
168
348
531
719
908
1095
1280
1463
1636
1804
1961
2107
2239
2358
2464
2551
2624
2680
2719
2739
2746
2733
2706
2666
2609
2542
2464
2375
2278
2179
2070
1961
1851
1739
1632
1529
1431
1340
1259
1186
1125
1074
1034
1007
992
988
997
1018
1048
1089
1139
1195
1257
1324
1394
1466
1539
1608
1674
1735
1788
1833
1869
1893
1903
1902
1886
1856
1811
1751
1674
1585
1480
1360
1230
1088
936
773
603
429
249
68
-112
-292
-467
-636
-799
-950
-1091
-1221
-1336
-1436
-1521
-1588
-1638
-1670
-1685
-1682
-1662
-1624
-1571
-1502
-1419
-1323
-1215
-1098
-973
-842
-704
-566
-428
-288
-152
-21
107
226
334
436
524
602
667
720
759
788
803
804
797
777
748
712
668
618
565
511
454
399
344
296
253
216
188
172
163
169
187
217
261
318
388
472
569
675
795
923
1060
1205
1353
1505
1658
1815
1966
2115
2259
2395
2520
2637
2741
2828
2902
2958
2999
3020
3024
3007
2974
2921
2849
2761
2654
2534
2397
2249
2088
1917
1738
1554
1364
1171
980
787
599
415
239
68
-90
-240
-379
-503
-617
-715
-801
-873
-932
-978
-1013
-1033
-1045
-1048
-1041
-1030
-1013
-992
-970
-948
-925
-910
-896
-886
-887
-895
-912
-939
-980
-1030
-1093
-1169
-1254
-1353
-1463
-1583
-1711
-1851
-1995
-2145
-2300
-2457
-2613
-2769
-2921
-3068
-3210
-3343
-3465
-3575
-3672
-3754
-3820
-3869
-3901
-3913
-3907
-3882
-3838
-3775
-3695
-3596
-3481
-3351
-3206
-3048
-2881
-2703
-2521
-2329
-2135
-1940
-1744
-1550
-1361
-1177
-1000
-834
-677
-532
-400
-280
-175
-85
-8
54
100
133
155
162
158
147
124
94
60
20
-23
-64
-107
-148
-182
-213
-238
-251
-259
-256
-241
-217
-180
-131
-71
0
83
175
274
385
500
623
748
876
1005
1133
1256
1376
1490
1594
1688
1772
1844
1900
1942
1968
1976
1967
1941
1896
1834
1756
1658
1548
1421
1280
1127
965
789
609
425
233
43
-146
-334
-520
-697
-869
-1031
-1179
-1319
-1443
-1552
-1647
-1727
-1788
-1835
-1865
-1880
-1880
-1864
-1835
-1793
-1741
-1677
-1607
-1529
-1447
-1362
-1272
-1184
-1097
-1014
-935
-864
-798
-742
-695
-660
-634
-620
-618
-625
-646
-676
-717
-766
-825
-889
-960
-1034
-1110
-1188
-1265
-1341
-1409
-1475
-1531
-1579
-1617
-1641
-1652
-1649
-1633
-1599
-1549
-1483
-1401
-1300
-1187
-1057
-911
-754
-584
-404
-214
-16
188
394
603
813
1019
1223
1420
1609
1789
1958
2114
2259
2386
2498
2596
2674
2737
2782
2810
2821
2818
2797
2762
2716
2657
2587
2510
2426
2335
2243
2147
2053
1960
1870
1786
1707
1637
1575
1524
1483
1454
1436
1430
1436
1453
1482
1522
1571
1629
1695
1767
1842
1923
2004
2083
2162
2239
2308
2372
2428
2473
2507
2529
2537
2532
2512
2475
2424
2357
2275
2178
2066
1942
1804
1655
1498
1331
1157
981
800
617
437
258
83
-84
-244
-394
-532
-658
-770
-867
-948
-1014
-1063
-1093
-1109
-1107
-1089
-1057
-1008
-948
-876
-793
-700
-600
-495
-385
-274
-162
-52
54
156
252
336
415
483
536
581
610
626
629
619
593
557
509
447
378
297
209
116
17
-86
-189
-291
-392
-488
-578
-662
-739
-804
-860
-902
-933
-948
-950
-939
-911
-872
-817
-750
-670
-580
-478
-369
-251
-126
0
130
260
388
512
634
747
853
948
1033
1105
1162
1205
1232
1245
1239
1219
1183
1130
1062
981
885
776
660
530
395
255
108
-41
-188
-336
-482
-619
-754
-878
-993
-1096
-1188
-1266
-1330
-1381
-1415
-1436
-1441
-1432
-1408
-1372
-1322
-1261
-1190
-1111
-1024
-931
-834
-735
-636
-537
-443
-352
-269
-192
-126
-70
-25
7
27
32
23
1
-35
-85
-147
-222
-308
-403
-507
-620
-737
-858
-983
-1107
-1229
-1351
-1466
-1574
-1675
-1767
-1846
-1916
-1971
-2011
-2040
-2051
-2046
-2028
-1994
-1944
-1883
-1807
-1719
-1619
-1510
-1393
-1270
-1141
-1010
-877
-745
-617
-492
-373
-261
-160
-68
11
77
129
167
188
196
187
162
124
70
3
-77
-168
-270
-380
-497
-619
-744
-872
-999
-1125
-1247
-1364
-1473
-1574
-1664
-1743
-1811
-1863
-1902
-1927
-1936
-1930
-1911
-1875
-1826
-1764
-1689
-1603
-1508
-1403
-1292
-1177
-1055
-933
-810
-689
-572
-459
-353
-254
-166
-88
-21
34
75
104
118
118
106
80
43
-7
-66
-134
-210
-294
-380
-474
-567
-658
-750
-835
-915
-988
-1053
-1104
-1147
-1177
-1191
-1192
-1176
-1145
-1097
-1035
-955
-863
-754
-633
-499
-353
-198
-34
136
312
489
669
846
1020
1191
1354
1511
1658
1793
1915
2026
2119
2198
2261
2308
2339
2353
2354
2336
2306
2262
2205
2137
2059
1974
1881
1784
1685
1584
1482
1384
1288
1197
1115
1040
974
919
876
842
824
817
821
839
869
908
959
1020
1088
1164
1246
1328
1416
1505
1591
1675
1755
1827
1893
1949
1994
2027
2047
2052
2044
2019
1979
1925
1853
1767
1666
1551
1423
1285
1136
977
812
641
465
288
112
-64
-234
-398
-557
-704
-839
-965
-1076
-1172
-1253
-1317
-1363
-1394
-1406
-1402
-1380
-1343
-1292
-1224
-1146
-1054
-951
-842
-724
-600
-475
-347
-218
-93
28
146
256
357
451
533
604
665
711
745
768
777
773
760
734
699
657
605
548
487
422
357
291
228
171
115
67
29
0
-19
-26
-19
-1
33
81
142
218
307
408
521
647
781
924
1074
1229
1387
1547
1708
1865
2019
2167
2308
2437
2558
2663
2756
2833
2894
2937
2963
2970
2958
2929
2879
2814
2730
2631
2517
2388
2247
2096
1936
1766
1593
1414
1234
1054
877
703
533
372
217
74
-60
-184
-294
-390
-475
-547
-603
-651
-684
-706
-719
-722
-715
-704
-686
-663
-641
-617
-594
-574
-559
-548
-548
-554
-569
-594
-631
-682
-743
-818
-905
-1006
-1117
-1240
-1373
-1515
-1668
-1825
-1989
-2156
-2326
-2495
-2663
-2827
-2985
-3135
-3277
-3408
-3527
-3632
-3721
-3795
-3850
-3888
-3907
-3906
-3888
-3850
-3793
-3718
-3626
-3517
-3394
-3257
-3106
-2946
-2777
-2600
-2419
-2235
-2048
-1862
-1680
-1500
-1327
-1163
-1006
-859
-726
-603
-494
-399
-317
-248
-196
-155
-127
-113
-108
-115
-130
-151
-181
-213
-249
-287
-324
-359
-391
-417
-436
-449
-452
-444
-428
-399
-359
-307
-243
-166
-79
19
127
244
368
498
633
772
913
1052
1191
1325
1454
1575
1688
1789
1876
1952
2012
2057
2085
2095
2087
2062
2016
1955
1875
1777
1666
1537
1396
1242
1078
903
724
537
347
156
-35
-221
-405
-582
-751
-911
-1061
-1196
-1321
-1432
-1524
-1604
-1667
-1715
-1746
-1765
-1765
-1755
-1730
-1694
-1649
-1594
-1531
-1461
-1391
-1316
-1241
-1166
-1094
-1026
-964
-908
-859
-822
-792
-774
-767
-771
-785
-813
-850
-897
-955
-1019
-1092
-1170
-1253
-1338
-1425
-1511
-1597
-1679
-1753
-1823
-1882
-1931
-1968
-1993
-2001
-1997
-1975
-1936
-1882
-1808
-1720
-1612
-1490
-1351
-1198
-1031
-853
-663
-465
-260
-47
168
385
602
818
1027
1231
1429
1614
1789
1953
2103
2236
2357
2459
2544
2615
2665
2702
2721
2724
2715
2690
2652
2606
2547
2481
2410
2333
2253
2174
2094
2015
1944
1876
1814
1761
1716
1680
1657
1644
1642
1653
1674
1705
1748
1800
1860
1929
2004
2083
2166
2251
2337
2419
2500
2574
2642
2703
2754
2792
2820
2834
2832
2817
2786
2737
2674
2594
2497
2387
2262
2123
1970
1809
1636
1456
1270
1078
886
693
499
309
126
-53
-222
-380
-527
-660
-780
-884
-972
-1043
-1099
-1136
-1157
-1162
-1150
-1122
-1082
-1028
-961
-888
-802
-709
-612
-512
-407
-305
-204
-105
-15
72
148
216
274
321
355
377
386
382
366
336
296
243
180
110
31
-54
-145
-239
-336
-431
-525
-615
-702
-779
-849
-910
-958
-997
-1022
-1033
-1030
-1014
-980
-935
-873
-797
-711
-610
-500
-379
-250
-114
25
171
315
460
605
742
874
999
1115
1218
1312
1390
1454
1503
1536
1552
1552
1535
1500
1452
1385
1306
1212
1106
990
863
730
589
446
300
154
7
-135
-273
-404
-526
-640
-742
-833
-910
-974
-1025
-1061
-1082
-1090
-1084
-1063
-1033
-989
-935
-873
-803
-727
-647
-563
-477
-395
-312
-235
-163
-100
-44
2
36
57
68
64
46
15
-31
-90
-162
-246
-343
-449
-564
-687
-817
-950
-1088
-1227
-1364
-1500
-1631
-1756
-1873
-1981
-2077
-2162
-2234
-2292
-2335
-2362
-2373
-2368
-2347
-2310
-2259
-2192
-2113
-2023
-1917
-1804
-1684
-1555
-1422
-1288
-1149
-1013
-881
-752
-629
-515
-408
-313
-231
-160
-104
-62
-34
-22
-27
-44
-76
-122
-181
-252
-334
-425
-523
-629
-738
-850
-963
-1074
-1183
-1288
-1388
-1479
-1562
-1633
-1694
-1741
-1776
-1795
-1801
-1793
-1769
-1732
-1680
-1615
-1537
-1449
-1350
-1243
-1128
-1008
-886
-759
-633
-506
-384
-264
-153
-50
45
128
199
259
305
335
356
359
347
323
286
233
172
99
15
-72
-169
-269
-374
-478
-583
-684
-782
-875
-957
-1032
-1095
-1146
-1183
-1208
-1216
-1211
-1189
-1150
-1096
-1026
-942
-842
-731
-606
-472
-327
-175
-17
147
311
479
643
805
961
1111
1251
1383
1505
1612
1709
1789
1855
1904
1941
1959
1964
1954
1928
1890
1840
1778
1706
1628
1540
1449
1355
1256
1161
1069
977
891
814
741
680
628
589
561
545
543
554
578
613
662
722
792
871
959
1051
1150
1253
1356
1460
1562
1660
1754
1841
1918
1986
2043
2085
2116
2131
2131
2114
2083
2035
1972
1893
1799
1691
1571
1439
1295
1145
988
824
656
488
320
152
-9
-165
-315
-454
-582
-699
-800
-888
-962
-1018
-1058
-1084
-1090
-1081
-1057
-1018
-963
-896
-819
-729
-631
-525
-413
-298
-180
-62
55
169
278
379
475
561
637
703
756
796
826
841
843
835
813
781
739
687
626
560
488
412
336
257
181
107
41
-22
-75
-120
-155
-177
-187
-182
-164
-131
-84
-21
54
146
248
364
491
628
773
926
1084
1243
1407
1568
1726
1880
2031
2172
2303
2425
2531
2624
2702
2764
2808
2835
2843
2835
2809
2763
2701
2622
2529
2420
2299
2165
2023
1873
1715
1554
1387
1222
1056
892
733
582
435
299
173
56
-48
-141
-221
-288
-341
-385
-413
-431
-440
-437
-430
-413
-390
-364
-336
-305
-277
-250
-227
-211
-201
-200
-210
-230
-259
-304
-360
-429
-511
-608
-717
-837
-973
-1115
-1268
-1430
-1599
-1771
-1949
-2128
-2306
-2484
-2656
-2823
-2982
-3131
-3269
-3395
-3506
-3602
-3681
-3744
-3788
-3812
-3819
-3806
-3774
-3724
-3656
-3571
-3470
-3354
-3225
-3085
-2934
-2775
-2610
-2439
-2267
-2095
-1921
-1752
-1587
-1427
-1276
-1135
-1002
-882
-775
-678
-596
-529
-471
-430
-401
-381
-376
-380
-392
-412
-440
-471
-503
-540
-576
-610
-642
-668
-687
-700
-703
-696
-680
-650
-609
-556
-491
-412
-323
-222
-110
12
143
280
425
572
723
875
1026
1174
1318
1456
1585
1705
1813
1909
1989
2054
2102
2133
2147
2142
2119
2076
2017
1939
1843
1733
1608
1468
1317
1156
983
807
625
438
251
67
-119
-296
-467
-633
-788
-931
-1063
-1183
-1286
-1377
-1453
-1512
-1559
-1589
-1605
-1607
-1598
-1574
-1543
-1500
-1450
-1394
-1333
-1271
-1205
-1142
-1079
-1021
-965
-918
-878
-847
-826
-814
-814
-823
-847
-879
-923
-978
-1043
-1115
-1197
-1286
-1378
-1476
-1574
-1674
-1770
-1864
-1954
-2037
-2111
-2177
-2231
-2270
-2298
-2307
-2303
-2280
-2239
-2182
-2108
-2016
-1904
-1779
-1635
-1477
-1306
-1123
-927
-725
-514
-298
-80
142
363
581
795
1004
1202
1393
1572
1736
1889
2026
2149
2256
2346
2419
2477
2517
2543
2554
2549
2535
2507
2469
2422
2369
2309
2246
2181
2115
2051
1991
1934
1884
1841
1805
1779
1763
1758
1763
1780
1807
1846
1894
1953
2019
2094
2175
2262
2352
2445
2538
2631
2719
2804
2882
2950
3011
3061
3098
3122
3131
3124
3102
3063
3006
2934
2845
2738
2618
2482
2333
2170
1997
1815
1624
1426
1227
1023
819
620
421
228
44
-133
-299
-451
-592
-718
-828
-921
-999
-1059
-1102
-1131
-1141
-1136
-1116
-1083
-1035
-979
-910
-833
-754
-665
-575
-483
-392
-302
-217
-136
-62
1
58
103
137
160
171
168
156
129
91
45
-15
-83
-158
-238
-327
-416
-509
-602
-692
-781
-865
-943
-1010
-1071
-1119
-1155
-1178
-1189
-1183
-1163
-1130
-1078
-1014
-935
-841
-735
-618
-488
-349
-204
-50
106
266
426
586
741
894
1037
1172
1300
1413
1515
1602
1675
1729
1771
1791
1797
1785
1757
1713
1653
1578
1488
1389
1276
1154
1026
892
753
613
474
332
197
65
-61
-178
-285
-384
-468
-540
-601
-648
-682
-701
-709
-702
-683
-654
-613
-564
-507
-444
-375
-305
-233
-160
-90
-24
39
93
139
177
202
215
216
204
177
138
83
15
-66
-162
-268
-385
-513
-649
-792
-940
-1091
-1245
-1400
-1552
-1700
-1845
-1981
-2107
-2225
-2330
-2421
-2500
-2562
-2608
-2640
-2654
-2650
-2632
-2596
-2544
-2479
-2399
-2306
-2204
-2090
-1968
-1840
-1707
-1571
-1433
-1297
-1163
-1034
-911
-797
-691
-595
-511
-440
-382
-339
-309
-294
-295
-309
-336
-375
-429
-491
-565
-646
-734
-828
-925
-1023
-1122
-1219
-1310
-1398
-1479
-1552
-1615
-1668
-1708
-1735
-1749
-1748
-1735
-1704
-1662
-1605
-1535
-1453
-1359
-1254
-1139
-1020
-891
-759
-625
-490
-356
-226
-98
24
136
241
334
417
485
541
581
606
618
614
596
562
515
454
383
300
208
107
0
-109
-223
-337
-450
-561
-668
-766
-860
-942
-1013
-1074
-1119
-1150
-1168
-1170
-1154
-1126
-1079
-1019
-945
-855
-753
-639
-518
-384
-245
-99
49
201
351
499
646
785
919
1043
1158
1260
1352
1430
1493
1543
1577
1597
1601
1591
1567
1531
1482
1423
1352
1273
1189
1098
1004
908
812
717
627
542
462
391
329
278
236
211
196
194
208
235
273
326
391
466
555
650
754
865
981
1097
1218
1337
1451
1565
1672
1770
1861
1941
2008
2063
2104
2128
2139
2133
2110
2072
2018
1948
1864
1766
1655
1533
1399
1259
1111
959
804
647
490
335
185
42
-95
-221
-337
-442
-532
-607
-670
-715
-745
-761
-759
-742
-711
-666
-606
-536
-456
-366
-268
-166
-56
55
165
277
384
487
585
676
756
828
889
936
974
997
1007
1006
990
962
923
872
812
744
666
583
496
405
313
223
134
49
-28
-101
-163
-214
-256
-285
-299
-300
-286
-257
-212
-152
-79
11
110
225
350
486
628
780
934
1093
1255
1414
1571
1722
1869
2006
2135
2253
2358
2449
2525
2584
2626
2653
2659
2650
2624
2580
2519
2445
2355
2250
2137
2009
1875
1732
1585
1435
1283
1130
979
832
688
553
425
306
197
101
14
-58
-117
-167
-201
-225
-237
-238
-228
-213
-187
-155
-123
-84
-45
-6
30
65
91
113
125
129
121
102
69
22
-35
-109
-195
-298
-412
-539
-678
-828
-988
-1155
-1330
-1509
-1694
-1878
-2063
-2246
-2424
-2596
-2761
-2915
-3058
-3188
-3303
-3404
-3487
-3555
-3603
-3632
-3644
-3636
-3610
-3566
-3505
-3428
-3336
-3229
-3110
-2979
-2839
-2693
-2538
-2382
-2223
-2064
-1908
-1755
-1605
-1462
-1329
-1203
-1089
-986
-895
-816
-751
-698
-657
-631
-614
-609
-616
-630
-652
-682
-715
-754
-793
-830
-870
-904
-934
-960
-976
-983
-982
-969
-944
-908
-857
-794
-719
-630
-529
-417
-294
-159
-18
131
287
445
606
767
928
1085
1238
1383
1520
1647
1761
1862
1948
2018
2071
2106
2124
2123
2103
2064
2009
1934
1844
1737
1616
1481
1338
1180
1016
845
668
490
311
133
-43
-212
-376
-530
-676
-811
-934
-1045
-1142
-1224
-1292
-1346
-1384
-1410
-1421
-1421
-1409
-1386
-1353
-1312
-1265
-1211
-1157
-1099
-1041
-984
-933
-886
-842
-810
-782
-765
-759
-764
-778
-807
-847
-897
-959
-1029
-1111
-1200
-1298
-1400
-1509
-1619
-1732
-1844
-1953
-2059
-2156
-2249
-2331
-2403
-2462
-2508
-2538
-2552
-2550
-2530
-2492
-2434
-2361
-2266
-2156
-2029
-1887
-1728
-1555
-1373
-1175
-973
-761
-544
-326
-107
117
333
544
754
951
1140
1319
1484
1634
1773
1895
2000
2093
2168
2226
2270
2300
2314
2317
2307
2286
2258
2220
2177
2129
2079
2027
1977
1928
1883
1843
1809
1784
1768
1761
1764
1778
1803
1838
1885
1942
2008
2084
2168
2257
2354
2455
2558
2663
2767
2868
2965
3057
3141
3215
3279
3330
3367
3391
3400
3390
3365
3323
3261
3183
3089
2976
2849
2708
2549
2381
2202
2012
1815
1612
1405
1195
987
780
577
381
191
10
-159
-317
-462
-590
-705
-803
-884
-950
-998
-1030
-1047
-1048
-1034
-1009
-969
-920
-862
-796
-723
-649
-569
-489
-412
-335
-263
-197
-139
-87
-47
-16
4
12
9
-6
-32
-71
-119
-178
-246
-323
-404
-492
-585
-676
-771
-864
-955
-1040
-1121
-1193
-1254
-1307
-1346
-1372
-1384
-1383
-1364
-1333
-1283
-1219
-1139
-1043
-934
-812
-679
-533
-382
-220
-53
118
293
465
638
806
969
1124
1272
1406
1529
1639
1735
1815
1879
1926
1954
1968
1961
1939
1901
1849
1780
1699
1606
1501
1389
1267
1142
1011
880
747
617
492
369
254
146
48
-41
-117
-183
-235
-275
-301
-314
-318
-307
-286
-255
-215
-165
-112
-52
13
76
141
203
262
317
366
404
436
455
464
459
440
409
361
300
225
136
32
-83
-212
-350
-497
-653
-816
-983
-1152
-1323
-1492
-1659
-1823
-1979
-2127
-2267
-2394
-2508
-2610
-2695
-2765
-2819
-2855
-2874
-2876
-2861
-2830
-2783
-2720
-2644
-2554
-2454
-2345
-2228
-2101
-1971
-1840
-1705
-1574
-1444
-1317
-1199
-1088
-984
-893
-813
-743
-688
-646
-616
-603
-603
-614
-641
-678
-726
-783
-850
-924
-1003
-1087
-1173
-1258
-1344
-1427
-1503
-1575
-1638
-1692
-1736
-1770
-1789
-1796
-1789
-1768
-1733
-1683
-1619
-1542
-1453
-1350
-1238
-1116
-985
-849
-707
-561
-415
-270
-124
13
148
276
394
500
597
681
748
804
843
865
874
867
841
804
752
684
608
518
419
313
201
82
-34
-156
-276
-392
-505
-610
-708
-795
-873
-937
-990
-1026
-1050
-1059
-1050
-1028
-990
-938
-871
-792
-699
-597
-486
-365
-241
-109
25
161
295
427
555
677
791
896
992
1075
1146
1205
1250
1279
1296
1296
1282
1256
1216
1164
1101
1031
947
860
766
668
567
467
368
271
183
96
20
-44
-102
-147
-178
-197
-202
-191
-167
-128
-76
-9
68
159
259
369
488
612
741
873
1006
1138
1268
1392
1510
1621
1721
1813
1892
1956
2007
2044
2063
2067
2055
2026
1983
1924
1850
1763
1664
1553
1433
1305
1171
1031
889
748
606
467
333
205
84
-26
-126
-215
-289
-350
-397
-428
-444
-447
-433
-404
-364
-309
-242
-166
-79
16
116
219
327
436
544
650
751
847
936
1016
1086
1145
1191
1226
1248
1256
1251
1231
1199
1155
1098
1029
954
866
774
676
573
468
363
259
157
61
-30
-112
-184
-245
-294
-330
-352
-360
-351
-329
-289
-236
-167
-83
14
122
242
373
510
657
806
959
1113
1267
1416
1564
1704
1833
1956
2067
2165
2248
2319
2372
2410
2432
2435
2422
2393
2348
2287
2212
2123
2022
1910
1790
1662
1527
1389
1247
1106
966
830
695
570
451
339
240
149
71
5
-47
-90
-116
-133
-137
-128
-113
-85
-50
-10
37
88
136
189
241
287
331
367
394
413
423
417
402
372
326
269
196
107
5
-109
-239
-380
-533
-694
-867
-1043
-1223
-1410
-1597
-1784
-1968
-2149
-2321
-2489
-2644
-2787
-2921
-3037
-3139
-3224
-3294
-3343
-3376
-3391
-3387
-3365
-3327
-3271
-3199
-3117
-3017
-2907
-2788
-2659
-2523
-2384
-2240
-2096
-1953
-1811
-1675
-1545
-1421
-1305
-1201
-1104
-1021
-950
-889
-844
-810
-787
-777
-779
-789
-811
-840
-874
-916
-961
-1008
-1055
-1102
-1146
-1183
-1217
-1243
-1260
-1268
-1264
-1248
-1220
-1178
-1122
-1054
-971
-875
-767
-647
-514
-373
-224
-67
97
264
432
602
768
931
1091
1242
1384
1516
1635
1740
1831
1905
1962
2002
2022
2026
2010
1976
1924
1856
1769
1668
1554
1425
1287
1139
983
821
656
486
318
151
-14
-171
-323
-467
-600
-721
-833
-931
-1015
-1086
-1144
-1187
-1216
-1234
-1236
-1229
-1210
-1183
-1146
-1104
-1056
-1003
-951
-894
-842
-790
-746
-705
-672
-648
-634
-629
-635
-654
-683
-726
-779
-845
-922
-1010
-1106
-1210
-1323
-1439
-1562
-1685
-1811
-1934
-2056
-2171
-2281
-2383
-2471
-2552
-2617
-2669
-2705
-2724
-2726
-2710
-2674
-2622
-2551
-2459
-2353
-2228
-2087
-1930
-1762
-1580
-1388
-1189
-980
-768
-552
-337
-120
91
301
502
696
880
1052
1213
1360
1494
1611
1716
1802
1876
1934
1976
2007
2023
2027
2021
2006
1981
1953
1918
1880
1840
1800
1761
1726
1697
1672
1656
1648
1649
1660
1683
1715
1758
1814
1879
1955
2040
2134
2235
2343
2456
2570
2688
2805
2922
3034
3142
3242
3334
3415
3485
3541
3581
3608
3618
3610
3586
3542
3480
3402
3305
3190
3061
2915
2756
2586
2402
2211
2011
1805
1597
1385
1174
967
762
562
374
192
21
-137
-283
-413
-527
-629
-711
-777
-831
-865
-885
-891
-884
-862
-831
-790
-739
-683
-621
-555
-489
-424
-358
-297
-239
-188
-146
-110
-85
-71
-68
-74
-95
-125
-165
-219
-281
-352
-432
-520
-611
-708
-807
-907
-1005
-1101
-1194
-1280
-1361
-1429
-1489
-1537
-1573
-1591
-1596
-1587
-1557
-1516
-1456
-1380
-1288
-1183
-1060
-927
-781
-622
-458
-284
-106
76
259
445
626
804
978
1142
1296
1440
1572
1687
1791
1877
1948
2001
2038
2057
2059
2045
2012
1968
1906
1835
1750
1655
1550
1441
1326
1206
1087
965
847
732
623
520
426
341
264
200
146
105
76
60
55
61
77
106
142
186
238
292
352
413
475
535
593
644
689
728
755
774
780
772
751
718
667
602
524
429
320
198
63
-84
-241
-408
-582
-762
-946
-1132
-1319
-1503
-1686
-1862
-2033
-2193
-2343
-2482
-2606
-2716
-2812
-2890
-2950
-2996
-3021
-3030
-3022
-2997
-2955
-2900
-2830
-2746
-2653
-2549
-2438
-2321
-2198
-2073
-1947
-1822
-1699
-1581
-1470
-1366
-1270
-1185
-1112
-1049
-999
-963
-939
-928
-931
-945
-971
-1009
-1057
-1112
-1174
-1244
-1316
-1392
-1470
-1545
-1619
-1689
-1752
-1809
-1857
-1894
-1920
-1935
-1935
-1923
-1895
-1854
-1798
-1728
-1644
-1547
-1437
-1317
-1186
-1045
-898
-744
-587
-427
-268
-109
47
196
341
474
598
712
813
899
972
1028
1067
1092
1099
1091
1066
1027
972
904
823
731
631
521
407
286
165
41
-78
-198
-311
-418
-520
-609
-688
-756
-811
-850
-878
-889
-886
-868
-837
-790
-731
-660
-576
-485
-382
-274
-160
-45
74
195
312
427
536
640
734
821
895
958
1008
1045
1068
1077
1073
1053
1021
975
917
847
767
680
583
483
378
270
160
54
-52
-153
-246
-333
-410
-476
-528
-571
-596
-610
-609
-592
-559
-512
-451
-373
-286
-185
-74
46
175
312
449
591
736
877
1017
1153
1280
1400
1512
1610
1698
1772
1831
1876
1905
1919
1916
1898
1864
1817
1754
1679
1592
1494
1388
1273
1154
1030
904
778
653
533
416
307
205
113
32
-37
-93
-135
-164
-178
-176
-163
-133
-90
-36
31
110
196
291
394
500
608
719
829
935
1041
1139
1229
1313
1386
1446
1498
1534
1556
1566
1561
1540
1509
1462
1401
1331
1248
1156
1055
948
835
720
601
482
365
252
144
43
-49
-132
-202
-261
-305
-335
-350
-350
-334
-302
-256
-194
-118
-29
73
186
306
436
574
714
858
1003
1147
1286
1424
1552
1674
1784
1885
1973
2046
2107
2150
2179
2192
2188
2168
2134
2083
2019
1943
1850
1750
1640
1521
1395
1268
1134
1002
870
739
616
495
383
278
185
100
29
-30
-78
-111
-133
-141
-138
-122
-97
-59
-15
38
97
160
225
292
359
420
480
534
580
618
645
661
663
654
628
589
534
465
379
281
168
40
-99
-251
-410
-581
-755
-936
-1119
-1305
-1488
-1671
-1849
-2020
-2185
-2337
-2480
-2610
-2725
-2824
-2909
-2976
-3025
-3058
-3073
-3071
-3051
-3016
-2964
-2898
-2818
-2726
-2626
-2515
-2397
-2273
-2146
-2016
-1887
-1759
-1634
-1516
-1402
-1299
-1203
-1117
-1042
-980
-928
-890
-865
-850
-849
-859
-879
-908
-947
-991
-1042
-1099
-1156
-1215
-1274
-1330
-1383
-1430
-1468
-1500
-1520
-1530
-1529
-1513
-1484
-1443
-1385
-1313
-1229
-1128
-1017
-893
-756
-611
-457
-295
-127
44
216
390
561
728
889
1043
1188
1323
1445
1552
1645
1722
1782
1823
1848
1853
1841
1811
1763
1699
1619
1524
1415
1296
1164
1024
879
727
573
416
260
106
-43
-189
-324
-453
-573
-679
-774
-858
-927
-982
-1027
-1055
-1072
-1077
-1069
-1051
-1024
-987
-944
-898
-844
-788
-734
-679
-626
-579
-536
-499
-473
-456
-449
-453
-471
-498
-540
-595
-660
-738
-828
-928
-1037
-1156
-1278
-1408
-1543
-1678
-1814
-1948
-2080
-2205
-2324
-2433
-2532
-2617
-2691
-2749
-2790
-2816
-2822
-2812
-2781
-2732
-2665
-2580
-2475
-2357
-2222
-2070
-1907
-1732
-1545
-1351
-1152
-944
-738
-531
-321
-120
80
274
458
631
798
948
1086
1213
1322
1417
1499
1567
1619
1659
1685
1699
1703
1697
1682
1661
1636
1605
1576
1544
1513
1485
1463
1444
1434
1432
1439
1457
1484
1524
1574
1636
1709
1792
1886
1989
2101
2218
2343
2471
2603
2733
2865
2994
3118
3237
3348
3449
3538
3616
3679
3726
3757
3772
3767
3745
3705
3645
3568
3473
3359
3231
3088
2928
2758
2579
2386
2189
1986
1779
1569
1362
1156
953
759
571
393
226
70
-72
-199
-313
-411
-492
-559
-611
-645
-668
-675
-671
-655
-628
-592
-550
-501
-448
-394
-337
-283
-233
-184
-142
-107
-79
-61
-53
-54
-68
-92
-129
-176
-234
-301
-380
-465
-558
-659
-762
-870
-979
-1087
-1194
-1297
-1392
-1483
-1565
-1634
-1695
-1741
-1774
-1790
-1792
-1776
-1744
-1694
-1627
-1544
-1445
-1331
-1200
-1059
-904
-738
-564
-383
-195
-7
185
378
565
751
927
1099
1259
1408
1546
1669
1776
1867
1944
2001
2044
2069
2077
2067
2045
2007
1953
1890
1815
1730
1637
1538
1433
1328
1219
1113
1010
908
814
725
647
575
515
464
426
400
384
381
387
406
433
472
514
566
622
682
746
809
870
929
985
1031
1073
1102
1123
1132
1128
1109
1076
1029
965
885
790
681
554
418
268
102
-70
-252
-443
-638
-836
-1039
-1239
-1438
-1634
-1821
-2002
-2175
-2336
-2484
-2620
-2739
-2842
-2930
-2999
-3050
-3086
-3102
-3101
-3086
-3052
-3004
-2943
-2869
-2783
-2689
-2586
-2478
-2368
-2253
-2136
-2023
-1912
-1804
-1704
-1611
-1526
-1452
-1389
-1336
-1297
-1269
-1252
-1250
-1259
-1278
-1310
-1351
-1399
-1456
-1519
-1586
-1655
-1727
-1799
-1866
-1932
-1992
-2044
-2088
-2123
-2145
-2156
-2154
-2136
-2107
-2062
-2001
-1926
-1838
-1733
-1617
-1489
-1349
-1199
-1043
-879
-709
-537
-361
-189
-17
151
312
464
609
740
860
969
1060
1137
1198
1242
1268
1280
1272
1248
1211
1158
1091
1012
923
821
715
601
480
362
240
119
4
-108
-215
-312
-401
-478
-546
-600
-639
-667
-679
-677
-662
-633
-590
-536
-470
-394
-310
-217
-119
-17
88
195
298
400
498
589
674
750
816
869
912
940
956
957
945
918
878
824
758
682
592
495
390
278
161
43
-78
-198
-314
-430
-536
-636
-727
-808
-874
-931
-973
-997
-1010
-1004
-982
-947
-895
-827
-746
-651
-544
-426
-299
-164
-21
125
275
424
574
719
860
996
1122
1240
1344
1439
1519
1586
1637
1674
1695
1700
1691
1667
1628
1576
1514
1438
1353
1260
1160
1056
948
840
731
625
522
427
337
256
185
124
76
42
20
12
19
40
73
121
181
252
336
428
527
635
747
861
979
1095
1210
1320
1425
1524
1614
1694
1763
1820
1863
1893
1908
1908
1893
1863
1819
1761
1690
1606
1512
1408
1294
1175
1051
922
793
665
536
413
295
184
82
-8
-88
-155
-207
-246
-269
-276
-268
-246
-206
-153
-85
-5
87
190
302
420
545
675
806
939
1071
1198
1321
1436
1544
1641
1728
1800
1861
1908
1940
1955
1957
1942
1911
1868
1808
1736
1652
1559
1454
1342
1224
1098
973
844
715
590
469
351
244
145
51
-28
-96
-153
-197
-225
-243
-245
-234
-213
-179
-134
-80
-18
53
127
207
288
370
451
528
599
665
724
770
809
833
845
843
825
793
744
681
601
508
399
277
143
-1
-156
-321
-490
-666
-844
-1024
-1200
-1377
-1548
-1713
-1870
-2017
-2152
-2276
-2386
-2479
-2560
-2621
-2667
-2695
-2708
-2704
-2683
-2649
-2597
-2533
-2458
-2371
-2274
-2174
-2062
-1948
-1833
-1715
-1600
-1487
-1378
-1275
-1182
-1094
-1018
-953
-898
-857
-827
-810
-806
-814
-832
-863
-904
-952
-1009
-1073
-1140
-1212
-1287
-1359
-1432
-1501
-1564
-1620
-1670
-1708
-1735
-1752
-1754
-1743
-1718
-1678
-1622
-1553
-1469
-1369
-1257
-1133
-997
-851
-696
-533
-366
-195
-22
152
323
490
652
804
948
1083
1203
1310
1404
1479
1539
1582
1606
1613
1604
1575
1531
1470
1394
1305
1203
1090
967
837
700
560
417
273
132
-8
-143
-271
-391
-504
-604
-694
-773
-838
-890
-930
-957
-969
-971
-960
-938
-906
-867
-818
-766
-710
-649
-589
-528
-469
-414
-366
-322
-289
-265
-251
-249
-258
-282
-317
-366
-428
-504
-590
-690
-800
-918
-1047
-1180
-1319
-1462
-1607
-1750
-1895
-2034
-2166
-2292
-2408
-2514
-2606
-2685
-2747
-2795
-2824
-2837
-2832
-2806
-2763
-2700
-2620
-2522
-2409
-2278
-2137
-1980
-1813
-1636
-1451
-1260
-1064
-868
-669
-474
-282
-96
84
256
418
570
708
835
948
1047
1132
1204
1259
1304
1335
1354
1364
1361
1353
1337
1315
1289
1261
1233
1207
1184
1162
1148
1140
1141
1151
1171
1201
1243
1298
1363
1441
1530
1630
1739
1860
1986
2120
2260
2403
2549
2695
2840
2980
3117
3246
3368
3478
3577
3662
3733
3788
3825
3846
3847
3830
3794
3740
3666
3575
3467
3342
3203
3049
2883
2707
2523
2329
2132
1932
1728
1527
1329
1132
945
765
592
433
286
149
28
-78
-173
-249
-310
-359
-392
-410
-419
-415
-399
-375
-344
-305
-263
-218
-170
-125
-81
-39
-5
23
45
57
59
53
33
3
-38
-91
-154
-230
-314
-407
-508
-616
-729
-847
-966
-1085
-1204
-1320
-1431
-1535
-1630
-1716
-1791
-1853
-1902
-1934
-1950
-1951
-1934
-1899
-1846
-1778
-1689
-1587
-1469
-1333
-1187
-1028
-857
-679
-495
-301
-109
86
281
472
660
840
1014
1176
1328
1467
1592
1701
1797
1875
1937
1983
2010
2024
2020
2002
1969
1925
1867
1801
1727
1644
1557
1464
1371
1277
1184
1094
1010
930
859
797
742
699
665
644
632
634
644
666
700
740
790
845
906
971
1039
1107
1176
1240
1302
1359
1405
1444
1472
1488
1490
1480
1452
1411
1355
1279
1190
1084
962
824
674
510
334
148
-47
-249
-457
-668
-881
-1092
-1303
-1509
-1707
-1897
-2079
-2248
-2406
-2548
-2676
-2789
-2883
-2960
-3021
-3063
-3087
-3096
-3087
-3062
-3025
-2972
-2908
-2834
-2750
-2659
-2564
-2463
-2361
-2260
-2159
-2062
-1969
-1883
-1803
-1733
-1673
-1623
-1584
-1557
-1542
-1538
-1546
-1565
-1593
-1633
-1681
-1735
-1796
-1862
-1932
-2001
-2070
-2139
-2203
-2263
-2317
-2360
-2396
-2419
-2430
-2429
-2413
-2381
-2336
-2275
-2198
-2107
-2001
-1880
-1748
-1601
-1446
-1280
-1106
-927
-743
-555
-368
-182
3
181
353
516
670
810
940
1052
1150
1235
1300
1349
1381
1396
1393
1375
1340
1291
1229
1154
1069
972
870
761
647
531
417
300
188
83
-18
-110
-193
-265
-329
-376
-413
-437
-446
-443
-426
-397
-355
-304
-240
-168
-89
-3
89
180
275
370
462
549
631
708
774
833
879
912
935
943
937
917
884
835
775
700
614
516
408
292
168
41
-94
-227
-362
-493
-622
-747
-864
-972
-1069
-1157
-1228
-1288
-1332
-1360
-1371
-1368
-1347
-1308
-1257
-1186
-1103
-1006
-897
-774
-645
-506
-362
-214
-62
92
243
391
537
673
803
924
1031
1129
1213
1283
1339
1380
1407
1418
1415
1399
1368
1324
1271
1207
1135
1055
969
879
788
695
604
517
433
357
288
230
180
143
117
104
106
120
148
191
246
314
394
484
584
694
809
930
1056
1182
1309
1436
1559
1675
1785
1887
1978
2061
2129
2183
2225
2251
2259
2255
2234
2196
2146
2081
2000
1909
1806
1691
1571
1442
1309
1172
1034
898
762
631
505
387
278
180
93
20
-41
-86
-116
-131
-130
-115
-84
-40
19
89
172
264
364
472
585
700
817
936
1051
1164
1270
1371
1462
1543
1613
1669
1713
1743
1758
1758
1745
1715
1672
1616
1544
1462
1370
1266
1155
1040
915
789
663
534
409
287
170
59
-42
-134
-213
-283
-339
-381
-411
-425
-427
-414
-389
-349
-300
-239
-167
-89
-3
88
183
278
375
469
559
644
723
790
849
898
931
953
959
950
925
886
831
759
674
573
459
333
196
49
-106
-268
-433
-602
-772
-939
-1105
-1265
-1421
-1568
-1704
-1829
-1944
-2042
-2126
-2198
-2251
-2289
-2312
-2317
-2307
-2283
-2243
-2190
-2126
-2050
-1966
-1873
-1774
-1670
-1566
-1458
-1352
-1247
-1147
-1053
-965
-887
-818
-760
-712
-679
-656
-646
-652
-666
-696
-736
-787
-847
-918
-993
-1076
-1161
-1249
-1340
-1430
-1516
-1598
-1675
-1743
-1803
-1853
-1889
-1914
-1924
-1919
-1901
-1867
-1816
-1751
-1672
-1576
-1468
-1347
-1214
-1073
-922
-762
-598
-431
-262
-92
75
237
395
545
684
813
930
1032
1122
1195
1250
1291
1314
1318
1308
1280
1236
1178
1106
1019
922
816
699
577
451
320
188
59
-70
-194
-313
-427
-530
-623
-707
-779
-837
-885
-918
-938
-947
-942
-925
-898
-860
-812
-759
-697
-631
-563
-492
-422
-355
-290
-228
-177
-130
-93
-69
-55
-52
-65
-92
-130
-183
-250
-330
-422
-529
-643
-768
-902
-1043
-1189
-1338
-1487
-1636
-1785
-1928
-2066
-2195
-2318
-2427
-2522
-2607
-2672
-2723
-2757
-2773
-2770
-2750
-2710
-2653
-2580
-2487
-2380
-2258
-2122
-1975
-1817
-1648
-1475
-1295
-1112
-928
-744
-561
-383
-213
-46
108
255
391
513
624
722
806
875
935
977
1009
1029
1039
1037
1028
1013
989
965
936
907
878
853
830
814
806
803
812
830
860
900
955
1020
1099
1188
1291
1404
1527
1661
1801
1949
2102
2259
2416
2575
2731
2884
3031
3170
3301
3421
3528
3621
3700
3762
3806
3834
3841
3831
3801
3752
3686
3601
3498
3381
3249
3101
2944
2776
2597
2414
2228
2034
1843
1652
1463
1279
1102
932
771
623
485
361
250
152
69
2
-53
-94
-120
-135
-138
-129
-113
-88
-58
-22
19
59
100
139
175
206
232
248
257
256
245
222
189
143
86
18
-63
-153
-253
-362
-477
-600
-726
-857
-989
-1121
-1249
-1376
-1495
-1607
-1711
-1803
-1882
-1948
-2001
-2036
-2056
-2058
-2042
-2007
-1955
-1885
-1797
-1695
-1574
-1440
-1293
-1133
-962
-783
-597
-405
-213
-17
177
367
552
733
904
1065
1215
1354
1477
1584
1681
1757
1818
1865
1895
1909
1910
1895
1866
1828
1776
1717
1650
1577
1499
1420
1339
1256
1179
1103
1034
971
917
869
834
807
792
789
794
813
841
879
926
983
1045
1115
1190
1266
1343
1420
1496
1567
1634
1693
1743
1782
1812
1827
1827
1813
1781
1735
1672
1592
1493
1381
1252
1105
946
774
588
394
192
-22
-237
-456
-678
-896
-1113
-1327
-1533
-1729
-1919
-2093
-2256
-2406
-2540
-2656
-2757
-2841
-2907
-2957
-2988
-3003
-3004
-2989
-2959
-2917
-2863
-2799
-2728
-2649
-2566
-2480
-2392
-2304
-2221
-2139
-2061
-1992
-1929
-1875
-1832
-1798
-1775
-1764
-1764
-1774
-1797
-1829
-1869
-1920
-1978
-2041
-2110
-2183
-2255
-2330
-2403
-2471
-2534
-2592
-2642
-2681
-2710
-2727
-2729
-2719
-2693
-2650
-2593
-2520
-2429
-2325
-2205
-2070
-1923
-1764
-1594
-1414
-1228
-1034
-836
-639
-439
-241
-48
142
323
494
657
806
942
1063
1168
1256
1330
1384
1420
1442
1444
1431
1403
1360
1302
1235
1156
1068
972
870
764
657
550
442
341
243
151
68
-6
-70
-124
-164
-194
-210
-213
-203
-183
-149
-104
-53
12
83
160
242
329
414
503
588
669
746
816
877
928
971
1000
1018
1021
1011
984
945
891
822
742
646
541
424
297
162
23
-125
-274
-422
-572
-717
-858
-993
-1121
-1237
-1346
-1440
-1518
-1585
-1633
-1665
-1681
-1680
-1660
-1627
-1574
-1506
-1426
-1329
-1221
-1100
-971
-833
-690
-542
-392
-240
-90
57
200
336
465
584
693
788
873
943
999
1043
1071
1085
1085
1074
1048
1012
966
911
847
780
706
630
554
476
402
333
268
211
162
124
97
82
78
89
113
151
202
267
345
434
535
647
765
892
1026
1164
1304
1445
1585
1722
1854
1980
2098
2208
2303
2388
2460
2516
2557
2584
2591
2584
2562
2521
2465
2397
2312
2215
2109
1989
1862
1730
1592
1448
1307
1164
1023
889
760
636
524
421
329
252
187
136
101
81
74
84
107
143
194
255
328
408
498
593
693
796
897
1000
1099
1195
1284
1366
1438
1501
1551
1590
1616
1626
1624
1605
1574
1528
1468
1395
1311
1214
1110
997
874
750
621
488
357
228
98
-21
-135
-244
-339
-425
-500
-561
-606
-641
-659
-662
-651
-625
-586
-534
-471
-394
-311
-219
-119
-15
93
202
310
416
519
614
704
782
852
908
953
984
999
1000
983
953
905
844
766
676
573
456
330
193
50
-101
-254
-412
-568
-724
-876
-1023
-1163
-1296
-1419
-1530
-1631
-1716
-1788
-1845
-1888
-1912
-1924
-1921
-1900
-1868
-1823
-1765
-1695
-1619
-1531
-1437
-1342
-1239
-1138
-1039
-939
-843
-756
-671
-597
-533
-478
-436
-407
-390
-386
-396
-418
-455
-503
-562
-633
-713
-802
-897
-998
-1102
-1207
-1314
-1418
-1520
-1617
-1707
-1788
-1861
-1921
-1969
-2004
-2024
-2028
-2018
-1992
-1949
-1892
-1819
-1731
-1630
-1516
-1390
-1254
-1110
-960
-803
-644
-481
-320
-162
-8
142
283
414
536
643
738
821
885
935
970
986
987
973
941
896
837
765
681
587
483
373
258
139
17
-104
-223
-339
-450
-554
-649
-736
-813
-879
-932
-972
-1000
-1013
-1016
-1003
-980
-945
-899
-843
-780
-710
-632
-553
-470
-387
-306
-227
-153
-86
-25
27
67
96
113
117
107
82
42
-10
-79
-161
-255
-363
-479
-607
-743
-886
-1032
-1185
-1336
-1487
-1638
-1782
-1922
-2053
-2175
-2284
-2382
-2465
-2534
-2586
-2621
-2639
-2637
-2621
-2584
-2531
-2460
-2375
-2271
-2157
-2030
-1888
-1740
-1584
-1421
-1253
-1084
-911
-743
-576
-414
-260
-111
28
155
272
379
470
550
617
669
710
738
754
759
756
742
722
696
665
630
597
562
528
502
478
462
456
457
467
492
527
573
637
709
797
896
1009
1132
1265
1409
1559
1717
1881
2048
2215
2384
2549
2711
2867
3015
3152
3279
3395
3494
3580
3648
3699
3732
3747
3742
3719
3678
3617
3540
3446
3336
3212
3075
2926
2768
2602
2428
2252
2074
1894
1717
1543
1371
1209
1055
908
774
652
540
444
361
290
235
193
161
145
141
144
159
183
210
243
282
321
360
400
435
465
491
508
516
516
504
481
447
401
342
271
189
94
-10
-124
-246
-377
-512
-651
-794
-936
-1079
-1219
-1355
-1483
-1605
-1715
-1815
-1901
-1971
-2029
-2069
-2092
-2097
-2084
-2052
-2004
-1936
-1851
-1749
-1632
-1500
-1355
-1199
-1030
-855
-673
-485
-296
-106
85
270
450
625
789
945
1090
1223
1340
1445
1536
1608
1667
1710
1738
1751
1752
1736
1711
1675
1627
1573
1512
1445
1376
1306
1235
1167
1099
1039
985
936
898
868
849
839
843
855
880
915
961
1017
1081
1153
1231
1315
1402
1492
1580
1668
1754
1833
1907
1972
2027
2071
2103
2118
2121
2107
2075
2028
1963
1878
1778
1662
1525
1377
1213
1036
846
647
439
223
5
-220
-444
-668
-888
-1105
-1313
-1514
-1705
-1883
-2049
-2201
-2337
-2458
-2562
-2650
-2721
-2774
-2811
-2833
-2838
-2831
-2811
-2777
-2733
-2681
-2620
-2553
-2484
-2411
-2338
-2266
-2197
-2133
-2074
-2021
-1977
-1941
-1915
-1900
-1895
-1902
-1919
-1947
-1986
-2033
-2088
-2153
-2223
-2298
-2378
-2460
-2541
-2622
-2700
-2774
-2840
-2897
-2948
-2985
-3012
-3025
-3023
-3006
-2974
-2924
-2858
-2776
-2677
-2562
-2432
-2287
-2129
-1960
-1778
-1588
-1391
-1189
-981
-773
-567
-359
-157
39
229
408
575
732
873
999
1111
1205
1282
1343
1386
1411
1422
1414
1391
1356
1306
1245
1174
1096
1008
918
821
725
628
532
441
355
276
204
143
89
49
19
0
-6
0
20
47
89
139
198
265
339
416
498
583
665
749
829
903
971
1033
1082
1122
1151
1166
1167
1155
1129
1085
1029
957
870
770
657
533
399
256
103
-53
-215
-379
-543
-704
-865
-1020
-1165
-1303
-1430
-1545
-1648
-1735
-1806
-1864
-1902
-1922
-1928
-1913
-1883
-1836
-1772
-1693
-1603
-1497
-1382
-1259
-1125
-985
-842
-697
-550
-406
-264
-125
5
128
243
346
437
519
585
639
680
707
720
720
711
687
655
614
564
508
449
386
321
257
193
134
80
33
-7
-34
-54
-61
-54
-36
-4
43
104
177
265
364
475
598
730
869
1017
1167
1321
1479
1634
1788
1939
2083
2219
2348
2465
2568
2660
2736
2796
2843
2871
2881
2876
2853
2812
2759
2688
2602
2507
2398
2277
2151
2016
1875
1734
1590
1447
1305
1169
1040
916
802
698
606
526
460
407
369
346
335
341
358
389
431
486
550
620
699
783
870
958
1047
1133
1216
1295
1366
1429
1482
1526
1556
1574
1579
1571
1546
1510
1460
1393
1316
1226
1124
1012
894
765
632
496
355
218
80
-57
-188
-310
-429
-535
-630
-714
-783
-840
-881
-908
-918
-914
-893
-860
-810
-749
-674
-587
-493
-389
-281
-166
-49
70
188
304
416
521
619
705
785
849
901
939
963
971
965
943
904
852
784
703
609
504
389
266
135
-2
-142
-284
-426
-567
-703
-835
-959
-1074
-1179
-1273
-1357
-1425
-1482
-1522
-1549
-1560
-1557
-1539
-1509
-1465
-1408
-1342
-1264
-1181
-1090
-993
-894
-794
-691
-593
-499
-409
-328
-254
-188
-136
-95
-64
-50
-48
-58
-85
-125
-177
-242
-322
-408
-506
-613
-724
-842
-963
-1085
-1207
-1327
-1442
-1553
-1657
-1751
-1835
-1907
-1966
-2012
-2043
-2058
-2057
-2041
-2008
-1960
-1897
-1818
-1727
-1623
-1506
-1381
-1247
-1106
-962
-813
-663
-513
-366
-224
-87
42
161
271
367
450
520
575
613
638
647
638
617
580
528
466
391
303
212
110
1
-110
-222
-338
-450
-559
-665
-764
-854
-936
-1008
-1067
-1117
-1152
-1173
-1183
-1179
-1161
-1131
-1088
-1033
-971
-897
-816
-729
-637
-540
-445
-348
-253
-163
-77
0
69
128
178
212
235
244
236
216
180
130
63
-15
-108
-213
-329
-455
-590
-731
-875
-1026
-1175
-1325
-1473
-1614
-1750
-1880
-2000
-2106
-2201
-2283
-2349
-2398
-2433
-2448
-2448
-2432
-2395
-2344
-2276
-2193
-2094
-1986
-1862
-1730
-1590
-1442
-1292
-1136
-978
-821
-667
-515
-371
-232
-102
19
127
225
311
382
444
490
524
547
556
554
543
523
493
461
421
379
334
291
247
209
175
146
128
118
118
131
156
193
244
309
386
479
585
703
832
972
1123
1280
1444
1615
1787
1961
2137
2307
2475
2637
2790
2933
3066
3185
3289
3381
3453
3509
3547
3567
3568
3551
3515
3462
3393
3306
3205
3090
2963
2825
2679
2523
2364
2202
2036
1872
1711
1551
1399
1253
1115
987
871
765
672
593
526
472
433
405
389
386
393
409
434
465
501
543
585
627
668
708
744
771
794
808
810
803
785
753
710
655
584
504
410
304
189
63
-71
-212
-359
-509
-661
-815
-966
-1116
-1260
-1396
-1525
-1642
-1748
-1841
-1919
-1980
-2025
-2052
-2061
-2053
-2026
-1980
-1917
-1837
-1738
-1627
-1499
-1359
-1209
-1047
-878
-703
-523
-340
-159
22
200
371
538
693
839
974
1099
1206
1302
1384
1450
1500
1539
1561
1567
1566
1548
1520
1484
1438
1384
1328
1266
1201
1140
1076
1017
961
913
869
836
811
797
793
800
819
849
892
942
1005
1077
1158
1244
1339
1438
1538
1641
1742
1842
1937
2026
2108
2182
2244
2293
2330
2351
2356
2344
2316
2268
2204
2121
2020
1904
1768
1618
1454
1277
1084
886
677
460
243
20
-206
-429
-647
-865
-1071
-1271
-1461
-1639
-1802
-1955
-2090
-2209
-2316
-2403
-2475
-2530
-2571
-2595
-2606
-2603
-2586
-2562
-2526
-2482
-2432
-2378
-2319
-2261
-2202
-2144
-2092
-2043
-2001
-1967
-1941
-1924
-1918
-1921
-1936
-1961
-1997
-2043
-2099
-2165
-2237
-2316
-2401
-2490
-2583
-2676
-2768
-2858
-2944
-3024
-3096
-3160
-3212
-3251
-3279
-3293
-3288
-3270
-3235
-3180
-3111
-3024
-2918
-2798
-2663
-2510
-2347
-2171
-1982
-1786
-1583
-1374
-1160
-947
-732
-520
-316
-114
80
262
435
595
739
870
985
1083
1164
1229
1276
1307
1322
1320
1305
1275
1233
1180
1117
1047
970
891
806
723
638
556
478
406
340
283
235
196
170
154
150
157
177
206
246
297
356
424
498
578
658
744
830
914
996
1073
1143
1207
1262
1303
1336
1354
1359
1347
1324
1282
1225
1155
1067
966
851
723
582
434
275
108
-62
-239
-415
-592
-767
-938
-1102
-1260
-1406
-1543
-1668
-1777
-1873
-1952
-2015
-2059
-2088
-2097
-2091
-2067
-2024
-1969
-1896
-1811
-1713
-1605
-1486
-1362
-1229
-1094
-958
-818
-684
-551
-422
-299
-186
-79
16
100
172
231
278
313
336
344
344
330
306
273
233
187
134
81
23
-34
-87
-139
-187
-226
-259
-283
-294
-295
-284
-258
-219
-166
-99
-17
77
185
307
439
581
734
893
1058
1229
1399
1572
1744
1913
2076
2235
2382
2521
2648
2761
2860
2945
3012
3062
3097
3112
3110
3092
3055
3003
2937
2854
2759
2655
2537
2412
2281
2143
2004
1864
1724
1585
1452
1325
1204
1095
994
902
826
761
709
672
649
637
641
656
683
721
770
825
890
959
1033
1108
1185
1261
1332
1400
1460
1514
1559
1595
1617
1628
1627
1610
1581
1537
1479
1407
1323
1225
1117
998
868
733
590
443
293
142
-10
-156
-299
-437
-565
-686
-796
-892
-976
-1048
-1100
-1140
-1163
-1170
-1160
-1136
-1096
-1039
-973
-891
-798
-697
-588
-469
-348
-226
-99
24
147
265
376
478
573
657
728
787
831
861
875
876
860
830
785
727
656
572
478
373
264
145
23
-103
-229
-354
-478
-597
-711
-816
-914
-1001
-1076
-1139
-1190
-1225
-1247
-1256
-1248
-1230
-1195
-1148
-1090
-1023
-942
-856
-762
-661
-559
-455
-350
-247
-150
-53
33
110
181
238
283
317
337
339
332
306
266
214
147
68
-24
-127
-240
-360
-488
-619
-755
-891
-1026
-1160
-1287
-1411
-1526
-1633
-1728
-1812
-1882
-1938
-1978
-2004
-2014
-2007
-1986
-1948
-1896
-1828
-1748
-1655
-1551
-1438
-1317
-1189
-1056
-922
-787
-652
-521
-393
-271
-159
-55
39
119
188
243
282
308
319
314
295
263
215
156
86
4
-87
-183
-286
-394
-505
-616
-726
-833
-936
-1032
-1123
-1202
-1272
-1331
-1376
-1409
-1430
-1435
-1427
-1407
-1370
-1322
-1263
-1191
-1109
-1020
-923
-818
-711
-600
-488
-378
-271
-167
-71
18
98
165
223
266
297
312
313
297
268
222
160
87
-1
-100
-211
-331
-461
-596
-736
-881
-1024
-1169
-1310
-1446
-1574
-1698
-1809
-1911
-2000
-2075
-2136
-2179
-2210
-2221
-2216
-2195
-2159
-2104
-2038
-1956
-1859
-1753
-1635
-1507
-1374
-1235
-1090
-946
-802
-657
-517
-382
-252
-131
-20
83
173
251
317
370
409
436
450
451
443
421
392
354
309
258
204
149
90
37
-18
-66
-108
-143
-169
-183
-187
-180
-155
-120
-70
-4
75
167
276
395
525
669
822
983
1148
1322
1497
1674
1851
2025
2194
2358
2513
2658
2794
2914
3020
3113
3189
3246
3288
3311
3314
3302
3272
3224
3159
3083
2988
2882
2766
2637
2502
2361
2214
2066
1917
1768
1623
1484
1348
1221
1103
994
897
813
738
679
632
597
576
567
567
581
604
633
672
716
762
813
865
913
960
1005
1042
1073
1096
1108
1109
1100
1078
1041
993
931
854
766
665
551
427
294
151
2
-153
-311
-473
-633
-791
-948
-1097
-1240
-1375
-1498
-1608
-1706
-1788
-1854
-1904
-1935
-1949
-1945
-1922
-1881
-1823
-1747
-1655
-1549
-1427
-1295
-1152
-999
-839
-674
-503
-331
-161
10
174
334
488
631
763
887
997
1093
1178
1246
1301
1341
1369
1381
1382
1370
1348
1316
1275
1226
1172
1116
1054
994
934
877
824
777
738
704
681
668
667
675
698
730
776
834
900
978
1064
1160
1261
1370
1481
1596
1711
1825
1937
2042
2142
2232
2314
2382
2440
2482
2509
2520
2513
2487
2444
2384
2302
2206
2090
1958
1810
1650
1474
1287
1090
884
673
455
237
18
-200
-413
-624
-827
-1021
-1205
-1379
-1538
-1685
-1817
-1932
-2033
-2119
-2188
-2241
-2282
-2306
-2317
-2318
-2305
-2282
-2255
-2218
-2175
-2131
-2083
-2035
-1990
-1946
-1907
-1875
-1849
-1830
-1823
-1825
-1837
-1859
-1893
-1937
-1992
-2057
-2131
-2214
-2304
-2401
-2501
-2605
-2711
-2818
-2922
-3024
-3119
-3208
-3289
-3359
-3418
-3463
-3492
-3508
-3507
-3489
-3454
-3401
-3329
-3241
-3134
-3011
-2873
-2720
-2553
-2374
-2184
-1985
-1779
-1568
-1352
-1137
-923
-708
-500
-301
-105
78
249
411
556
687
804
903
984
1053
1101
1135
1155
1157
1145
1123
1087
1041
988
926
859
789
718
646
575
507
443
387
336
295
263
241
229
229
241
263
297
341
395
458
530
607
691
780
869
961
1050
1138
1221
1300
1369
1431
1482
1520
1547
1559
1556
1536
1503
1453
1386
1303
1207
1091
964
826
672
512
341
164
-19
-203
-394
-580
-763
-946
-1118
-1283
-1439
-1584
-1713
-1831
-1932
-2018
-2088
-2139
-2173
-2189
-2188
-2169
-2136
-2085
-2022
-1945
-1855
-1755
-1646
-1530
-1407
-1284
-1156
-1029
-904
-783
-668
-558
-456
-361
-279
-206
-145
-96
-60
-33
-21
-21
-27
-47
-75
-112
-153
-201
-252
-304
-359
-411
-459
-502
-541
-569
-591
-601
-599
-585
-558
-516
-460
-390
-302
-203
-90
38
179
329
490
661
838
1022
1208
1396
1586
1771
1953
2132
2301
2460
2611
2748
2871
2980
3072
3147
3206
3246
3267
3273
3260
3229
3184
3122
3045
2957
2856
2745
2629
2503
2372
2240
2106
1971
1842
1715
1595
1482
1377
1283
1200
1128
1070
1022
989
969
960
965
982
1009
1046
1091
1142
1202
1265
1331
1397
1463
1527
1586
1641
1687
1725
1752
1769
1773
1765
1744
1708
1658
1594
1517
1424
1320
1204
1075
938
792
638
480
319
153
-10
-173
-331
-485
-628
-767
-892
-1008
-1109
-1195
-1268
-1323
-1363
-1386
-1394
-1381
-1356
-1314
-1255
-1184
-1101
-1005
-900
-789
-667
-543
-417
-289
-161
-37
83
198
302
401
486
560
620
670
703
721
727
716
692
654
603
538
465
380
287
188
82
-25
-136
-246
-357
-463
-564
-659
-745
-822
-889
-945
-986
-1016
-1031
-1033
-1021
-996
-955
-903
-840
-763
-679
-585
-486
-379
-270
-156
-45
67
177
278
374
463
541
608
664
703
732
747
742
725
692
643
578
503
411
308
195
72
-61
-199
-342
-490
-636
-783
-927
-1066
-1199
-1324
-1439
-1544
-1638
-1717
-1783
-1834
-1869
-1888
-1892
-1880
-1852
-1811
-1755
-1687
-1606
-1516
-1416
-1309
-1196
-1079
-960
-840
-724
-609
-500
-397
-302
-217
-142
-79
-30
7
30
37
32
12
-24
-70
-129
-202
-282
-373
-473
-576
-684
-797
-907
-1018
-1129
-1234
-1332
-1424
-1507
-1578
-1640
-1688
-1722
-1744
-1751
-1741
-1721
-1684
-1633
-1571
-1494
-1406
-1310
-1204
-1091
-974
-852
-727
-603
-479
-359
-244
-136
-36
53
133
199
250
289
312
321
313
291
252
200
133
53
-40
-143
-254
-376
-502
-634
-768
-904
-1037
-1169
-1296
-1415
-1529
-1629
-1720
-1799
-1865
-1914
-1950
-1971
-1975
-1964
-1937
-1894
-1836
-1767
-1680
-1584
-1478
-1361
-1238
-1109
-974
-837
-702
-564
-434
-306
-183
-68
36
131
216
287
348
393
427
447
454
447
431
401
360
313
256
194
127
57
-16
-85
-155
-221
-280
-333
-377
-412
-433
-445
-441
-424
-392
-346
-285
-208
-118
-11
106
236
378
530
688
853
1026
1197
1373
1548
1721
1888
2050
2203
2347
2479
2598
2704
2794
2869
2926
2968
2991
2997
2984
2957
2914
2852
2780
2693
2595
2487
2370
2244
2116
1983
1847
1715
1583
1454
1331
1216
1108
1011
923
846
782
731
691
666
653
651
662
683
714
754
802
855
914
975
1037
1100
1160
1216
1268
1312
1347
1374
1390
1392
1384
1362
1324
1274
1210
1130
1038
934
816
687
550
402
248
89
-75
-240
-405
-567
-726
-880
-1025
-1163
-1290
-1402
-1504
-1588
-1657
-1710
-1744
-1761
-1760
-1742
-1704
-1651
-1581
-1495
-1395
-1281
-1156
-1021
-878
-726
-574
-416
-256
-98
57
209
354
491
621
738
845
939
1020
1088
1143
1183
1209
1224
1223
1211
1190
1157
1115
1070
1014
955
897
833
771
713
658
607
566
530
505
491
487
495
514
548
591
649
718
798
887
989
1096
1210
1331
1454
1580
1706
1832
1951
2068
2176
2276
2366
2442
2506
2554
2588
2602
2601
2581
2543
2487
2412
2319
2209
2083
1939
1783
1613
1432
1241
1044
838
630
420
206
-1
-207
-409
-602
-786
-962
-1125
-1274
-1414
-1536
-1644
-1739
-1817
-1879
-1931
-1964
-1984
-1995
-1993
-1981
-1960
-1934
-1900
-1865
-1826
-1787
-1748
-1712
-1680
-1654
-1636
-1624
-1622
-1630
-1648
-1677
-1717
-1769
-1831
-1904
-1987
-2079
-2179
-2287
-2400
-2517
-2637
-2756
-2877
-2994
-3108
-3215
-3314
-3404
-3483
-3548
-3600
-3637
-3658
-3660
-3647
-3615
-3563
-3495
-3409
-3303
-3183
-3046
-2892
-2727
-2551
-2361
-2165
-1962
-1750
-1539
-1326
-1111
-903
-698
-499
-308
-130
40
197
339
468
581
678
760
826
874
909
929
933
926
906
875
835
788
735
678
616
556
495
439
384
335
293
258
234
217
213
218
235
263
303
352
411
481
558
643
733
830
928
1028
1128
1225
1317
1406
1488
1560
1624
1674
1712
1736
1746
1738
1715
1675
1619
1546
1455
1351
1229
1094
946
787
615
437
252
60
-130
-326
-520
-710
-896
-1077
-1248
-1408
-1559
-1693
-1815
-1922
-2012
-2084
-2143
-2180
-2202
-2208
-2195
-2167
-2124
-2067
-1996
-1918
-1826
-1728
-1624
-1513
-1400
-1285
-1172
-1059
-953
-849
-755
-667
-588
-520
-462
-415
-379
-357
-343
-342
-352
-371
-397
-434
-477
-524
-577
-631
-685
-738
-789
-834
-875
-908
-929
-942
-943
-931
-904
-866
-809
-739
-654
-553
-437
-308
-166
-8
158
335
523
715
912
1115
1318
1519
1721
1914
2103
2285
2456
2615
2764
2896
3012
3114
3197
3263
3312
3342
3353
3349
3325
3286
3233
3164
3083
2992
2890
2780
2666
2545
2421
2298
2174
2054
1939
1830
1726
1633
1549
1475
1414
1364
1325
1300
1287
1284
1295
1316
1345
1384
1431
1482
1538
1598
1658
1718
1778
1833
1881
1924
1959
1982
1996
1998
1985
1960
1921
1866
1798
1716
1617
1508
1385
1248
1103
949
785
615
442
263
86
-92
-267
-436
-600
-756
-901
-1033
-1156
-1262
-1355
-1432
-1491
-1533
-1559
-1567
-1557
-1533
-1492
-1435
-1366
-1283
-1187
-1083
-971
-850
-729
-602
-474
-349
-228
-107
4
109
206
290
364
423
473
506
526
532
525
504
470
424
365
299
221
138
48
-46
-143
-238
-334
-429
-517
-602
-678
-746
-803
-851
-884
-905
-914
-907
-889
-855
-808
-748
-678
-593
-501
-398
-286
-171
-51
72
196
317
440
555
664
766
858
939
1008
1064
1102
1130
1140
1133
1111
1073
1018
949
866
766
657
535
405
265
120
-32
-185
-339
-494
-645
-792
-930
-1064
-1185
-1297
-1398
-1484
-1556
-1615
-1658
-1685
-1697
-1695
-1677
-1645
-1602
-1544
-1475
-1398
-1312
-1220
-1122
-1022
-919
-817
-718
-622
-533
-450
-376
-310
-257
-215
-186
-170
-168
-180
-205
-244
-296
-360
-436
-522
-618
-721
-830
-945
-1062
-1180
-1298
-1412
-1523
-1631
-1728
-1817
-1898
-1964
-2019
-2062
-2087
-2099
-2098
-2078
-2045
-1998
-1934
-1858
-1771
-1670
-1560
-1443
-1316
-1185
-1053
-916
-779
-645
-515
-388
-271
-161
-62
26
100
163
208
240
257
257
243
213
169
111
40
-43
-136
-239
-347
-464
-584
-706
-830
-950
-1069
-1182
-1289
-1387
-1476
-1553
-1618
-1671
-1708
-1732
-1739
-1733
-1709
-1673
-1621
-1555
-1479
-1389
-1287
-1178
-1061
-935
-809
-677
-545
-416
-287
-162
-44
65
169
260
340
410
466
507
536
552
551
541
516
479
431
374
306
234
153
67
-17
-105
-191
-274
-350
-424
-487
-542
-588
-618
-638
-643
-633
-608
-568
-511
-442
-356
-256
-144
-19
118
264
418
579
745
914
1081
1250
1417
1578
1735
1882
2019
2146
2261
2359
2446
2516
2567
2607
2627
2630
2618
2591
2545
2488
2418
2334
2241
2140
2031
1916
1798
1676
1555
1436
1318
1206
1102
1004
915
839
771
716
673
643
626
623
630
651
683
724
776
835
900
972
1048
1123
1201
1278
1349
1418
1480
1532
1575
1609
1631
1639
1634
1615
1581
1532
1469
1390
1299
1194
1076
948
809
661
506
347
182
16
-148
-311
-472
-625
-769
-907
-1033
-1146
-1247
-1331
-1401
-1454
-1489
-1507
-1509
-1491
-1457
-1409
-1341
-1261
-1167
-1060
-943
-817
-682
-543
-400
-255
-110
34
175
311
439
561
671
771
862
937
1000
1051
1088
1110
1121
1118
1103
1078
1041
997
943
886
823
757
689
623
556
495
440
388
348
315
293
282
285
297
324
366
418
484
562
652
751
862
979
1104
1232
1366
1501
1636
1769
1897
2022
2137
2244
2338
2423
2491
2545
2585
2606
2609
2594
2562
2509
2441
2353
2248
2129
1994
1844
1682
1511
1327
1139
944
745
545
345
147
-46
-233
-415
-586
-749
-899
-1037
-1162
-1273
-1369
-1451
-1520
-1572
-1614
-1640
-1655
-1657
-1653
-1636
-1612
-1587
-1553
-1518
-1483
-1450
-1416
-1389
-1365
-1348
-1341
-1340
-1351
-1373
-1406
-1449
-1506
-1573
-1651
-1740
-1839
-1948
-2064
-2188
-2316
-2448
-2583
-2718
-2849
-2980
-3106
-3223
-3334
-3433
-3521
-3595
-3656
-3699
-3727
-3737
-3727
-3701
-3656
-3591
-3509
-3410
-3292
-3160
-3013
-2851
-2679
-2495
-2304
-2107
-1903
-1696
-1490
-1284
-1080
-883
-693
-508
-336
-176
-25
110
231
340
431
506
569
613
643
662
666
658
641
612
575
534
486
434
382
331
280
234
194
158
130
111
100
100
112
134
168
212
269
335
411
495
588
687
791
900
1011
1122
1231
1339
1441
1537
1623
1699
1766
1820
1860
1884
1895
1886
1862
1820
1761
1683
1590
1483
1355
1218
1066
901
727
546
354
161
-35
-234
-429
-623
-813
-994
-1165
-1331
-1480
-1618
-1743
-1851
-1943
-2018
-2078
-2118
-2145
-2153
-2145
-2122
-2086
-2036
-1973
-1901
-1820
-1732
-1637
-1538
-1437
-1337
-1237
-1140
-1047
-959
-881
-808
-747
-694
-653
-621
-603
-596
-597
-611
-634
-666
-705
-753
-803
-860
-919
-980
-1038
-1095
-1149
-1193
-1234
-1264
-1283
-1290
-1287
-1267
-1234
-1187
-1120
-1040
-944
-831
-703
-562
-404
-238
-59
132
331
536
746
960
1173
1387
1598
1802
2002
2191
2371
2540
2696
2837
2962
3070
3162
3234
3289
3328
3347
3349
3336
3305
3259
3201
3130
3047
2957
2857
2753
2644
2535
2424
2314
2207
2105
2009
1920
1840
1770
1709
1660
1624
1597
1583
1580
1588
1607
1635
1671
1716
1766
1820
1879
1937
1996
2054
2109
2159
2201
2235
2261
2273
2275
2264
2239
2198
2144
2075
1989
1891
1777
1649
1509
1357
1194
1023
844
660
472
281
88
-102
-287
-470
-643
-808
-963
-1104
-1232
-1346
-1445
-1526
-1592
-1638
-1668
-1681
-1676
-1653
-1616
-1563
-1496
-1419
-1326
-1226
-1119
-1004
-884
-763
-640
-518
-402
-288
-181
-82
9
90
157
216
261
290
308
313
304
282
251
205
151
89
17
-60
-142
-227
-314
-399
-483
-562
-637
-703
-763
-814
-851
-879
-894
-894
-881
-856
-814
-760
-694
-612
-521
-418
-305
-185
-58
76
210
348
485
619
751
877
995
1103
1203
1288
1361
1420
1462
1490
1501
1494
1470
1432
1373
1302
1215
1113
1000
876
741
598
450
295
137
-21
-177
-334
-482
-625
-762
-887
-1003
-1107
-1197
-1273
-1338
-1385
-1417
-1437
-1440
-1430
-1406
-1372
-1324
-1268
-1203
-1130
-1050
-968
-883
-798
-715
-633
-557
-487
-426
-372
-329
-297
-276
-270
-276
-296
-330
-376
-436
-509
-591
-685
-789
-900
-1018
-1143
-1268
-1396
-1526
-1651
-1773
-1892
-1999
-2100
-2192
-2272
-2337
-2391
-2429
-2449
-2458
-2449
-2422
-2383
-2326
-2254
-2170
-2073
-1962
-1844
-1716
-1580
-1441
-1297
-1152
-1008
-865
-726
-592
-466
-349
-243
-147
-66
4
57
97
120
130
123
102
66
17
-44
-117
-199
-291
-389
-491
-597
-706
-814
-921
-1025
-1122
-1213
-1295
-1368
-1427
-1478
-1512
-1534
-1543
-1535
-1513
-1476
-1428
-1362
-1286
-1199
-1099
-991
-877
-754
-626
-497
-365
-235
-106
17
137
247
349
441
521
591
646
690
716
730
730
715
685
644
590
525
453
368
278
183
83
-19
-119
-221
-318
-408
-492
-567
-633
-687
-730
-757
-772
-772
-755
-724
-675
-613
-535
-444
-338
-221
-92
45
190
344
500
660
820
980
1135
1287
1433
1569
1698
1814
1919
2009
2087
2147
2194
2223
2238
2236
2218
2187
2140
2080
2011
1930
1837
1741
1636
1528
1419
1307
1196
1089
987
888
800
720
648
590
543
507
486
478
481
499
529
570
623
687
757
837
921
1010
1104
1198
1290
1382
1469
1549
1623
1687
1741
1785
1814
1830
1832
1820
1791
1748
1689
1615
1527
1426
1311
1186
1052
907
756
599
438
276
115
-45
-201
-350
-492
-625
-746
-856
-953
-1034
-1100
-1151
-1185
-1200
-1201
-1184
-1150
-1103
-1040
-961
-872
-772
-659
-541
-417
-287
-154
-22
112
240
364
485
596
699
793
874
943
1002
1045
1076
1095
1098
1090
1069
1037
993
943
882
815
745
669
592
517
441
367
302
240
186
143
110
88
79
82
98
129
173
231
301
386
481
586
704
826
957
1093
1232
1371
1513
1650
1785
1915
2034
2145
2246
2334
2405
2464
2506
2531
2538
2529
2501
2453
2391
2307
2210
2096
1968
1827
1675
1512
1340
1162
977
793
605
418
234
57
-119
-281
-436
-585
-718
-840
-949
-1045
-1125
-1195
-1247
-1286
-1315
-1330
-1334
-1330
-1315
-1291
-1264
-1231
-1196
-1159
-1123
-1090
-1061
-1037
-1018
-1008
-1008
-1017
-1037
-1070
-1112
-1168
-1238
-1317
-1409
-1512
-1625
-1747
-1877
-2014
-2155
-2301
-2449
-2596
-2741
-2884
-3018
-3147
-3267
-3376
-3472
-3555
-3623
-3675
-3710
-3725
-3724
-3704
-3665
-3607
-3531
-3438
-3328
-3202
-3062
-2909
-2743
-2569
-2386
-2198
-2004
-1808
-1611
-1415
-1224
-1037
-856
-686
-523
-374
-235
-110
0
97
180
246
299
338
361
374
374
361
343
314
277
237
193
146
99
55
13
-26
-56
-81
-96
-101
-98
-83
-57
-19
30
91
163
244
337
437
544
657
776
897
1021
1143
1264
1381
1492
1596
1690
1774
1846
1904
1948
1976
1987
1981
1959
1917
1858
1782
1689
1580
1455
1314
1162
998
822
641
451
257
62
-135
-332
-521
-709
-891
-1060
-1222
-1371
-1507
-1628
-1737
-1826
-1901
-1962
-2002
-2028
-2039
-2034
-2012
-1982
-1935
-1878
-1813
-1740
-1660
-1577
-1489
-1399
-1312
-1225
-1142
-1064
-994
-931
-875
-831
-795
-772
-758
-756
-764
-784
-812
-852
-899
-952
-1013
-1076
-1143
-1211
-1280
-1346
-1409
-1466
-1517
-1559
-1590
-1610
-1616
-1611
-1587
-1550
-1496
-1426
-1339
-1236
-1116
-979
-830
-664
-487
-300
-103
107
319
536
760
980
1201
1420
1632
1837
2036
2220
2393
2556
2701
2831
2947
3043
3122
3185
3228
3254
3264
3258
3235
3199
3150
3088
3018
2937
2851
2759
2663
2567
2472
2377
2285
2199
2118
2046
1983
1929
1884
1851
1830
1818
1818
1829
1850
1881
1920
1966
2019
2077
2138
2201
2264
2325
2382
2436
2483
2522
2552
2572
2577
2571
2551
2514
2464
2398
2314
2218
2106
1977
1837
1683
1516
1340
1156
962
765
566
362
159
-41
-239
-430
-612
-787
-948
-1098
-1234
-1355
-1458
-1546
-1616
-1668
-1705
-1721
-1721
-1705
-1672
-1624
-1565
-1492
-1406
-1314
-1211
-1104
-993
-880
-764
-653
-542
-436
-339
-248
-166
-94
-34
17
52
77
87
88
75
49
15
-31
-86
-148
-217
-292
-367
-446
-526
-601
-676
-744
-804
-858
-904
-936
-960
-968
-965
-947
-914
-870
-809
-735
-648
-549
-436
-314
-185
-45
98
248
399
552
701
851
991
1128
1257
1374
1481
1574
1653
1715
1764
1794
1807
1803
1782
1744
1689
1618
1531
1431
1317
1192
1057
915
766
614
457
299
144
-12
-161
-303
-439
-565
-679
-783
-874
-950
-1016
-1065
-1101
-1123
-1131
-1126
-1107
-1080
-1040
-992
-938
-877
-810
-742
-671
-601
-534
-471
-413
-363
-321
-288
-268
-258
-261
-276
-306
-348
-403
-473
-554
-647
-752
-865
-987
-1117
-1252
-1391
-1532
-1674
-1814
-1951
-2083
-2208
-2325
-2431
-2526
-2610
-2677
-2730
-2770
-2790
-2795
-2784
-2754
-2709
-2650
-2574
-2484
-2382
-2266
-2141
-2008
-1866
-1720
-1572
-1420
-1270
-1125
-980
-841
-711
-589
-476
-377
-290
-216
-157
-112
-82
-66
-67
-79
-107
-147
-199
-262
-334
-414
-499
-590
-682
-775
-868
-959
-1044
-1125
-1198
-1262
-1316
-1358
-1389
-1405
-1409
-1398
-1374
-1334
-1282
-1217
-1138
-1046
-946
-836
-715
-592
-463
-329
-194
-60
73
201
324
442
547
645
732
805
863
910
942
957
960
946
917
875
821
751
674
585
486
383
273
160
46
-68
-182
-288
-392
-487
-574
-650
-713
-766
-803
-827
-834
-827
-803
-765
-712
-643
-561
-465
-358
-239
-113
23
164
310
457
604
752
895
1032
1165
1290
1402
1508
1598
1674
1740
1788
1822
1842
1846
1834
1810
1771
1718
1655
1580
1496
1404
1309
1205
1101
997
893
790
693
600
515
442
374
320
278
248
231
230
239
263
301
350
413
486
569
660
759
863
971
1080
1190
1300
1406
1508
1603
1690
1766
1832
1886
1926
1952
1963
1959
1938
1903
1852
1785
1705
1610
1502
1384
1256
1119
975
826
672
518
364
211
64
-77
-211
-337
-451
-552
-641
-716
-775
-820
-848
-859
-855
-835
-800
-749
-687
-610
-523
-425
-320
-207
-89
32
156
277
397
514
623
726
823
908
983
1048
1097
1135
1160
1170
1167
1153
1124
1084
1035
973
904
828
746
658
571
480
392
308
225
150
82
22
-27
-64
-90
-101
-100
-84
-52
-9
50
121
208
304
413
531
658
791
929
1071
1213
1355
1494
1631
1760
1883
1994
2097
2186
2260
2319
2363
2390
2398
2392
2366
2322
2262
2186
2093
1986
1866
1730
1587
1435
1273
1106
937
763
590
420
250
89
-68
-216
-355
-481
-598
-701
-790
-869
-931
-982
-1019
-1043
-1054
-1056
-1046
-1028
-1003
-969
-933
-892
-850
-808
-770
-733
-702
-678
-662
-655
-658
-673
-698
-738
-788
-853
-931
-1021
-1122
-1236
-1359
-1491
-1631
-1779
-1932
-2087
-2246
-2402
-2556
-2709
-2853
-2989
-3117
-3235
-3338
-3429
-3504
-3562
-3604
-3627
-3631
-3618
-3587
-3535
-3468
-3383
-3280
-3163
-3032
-2888
-2733
-2569
-2396
-2219
-2038
-1855
-1672
-1491
-1312
-1141
-975
-818
-672
-537
-412
-303
-207
-123
-55
-1
41
67
81
85
76
57
33
-1
-40
-81
-126
-172
-214
-256
-294
-325
-348
-364
-370
-365
-350
-323
-284
-233
-170
-95
-9
87
193
307
429
555
687
820
955
1090
1221
1347
1469
1580
1682
1775
1852
1916
1965
1998
2013
2012
1991
1953
1898
1823
1733
1626
1504
1367
1219
1056
886
708
520
332
141
-52
-242
-427
-610
-783
-948
-1104
-1247
-1377
-1495
-1596
-1681
-1753
-1807
-1846
-1869
-1879
-1873
-1853
-1823
-1778
-1726
-1665
-1597
-1523
-1448
-1370
-1292
-1216
-1141
-1072
-1009
-953
-904
-866
-838
-820
-814
-818
-833
-859
-896
-941
-996
-1058
-1128
-1201
-1279
-1360
-1440
-1517
-1593
-1665
-1728
-1785
-1832
-1867
-1889
-1899
-1893
-1870
-1833
-1777
-1704
-1615
-1508
-1383
-1245
-1091
-921
-740
-546
-343
-133
85
307
532
759
982
1203
1420
1627
1827
2016
2193
2356
2506
2638
2755
2856
2937
3004
3052
3083
3097
3099
3084
3055
3015
2963
2901
2834
2759
2679
2599
2516
2434
2356
2282
2212
2150
2095
2049
2013
1986
1971
1967
1973
1990
2018
2053
2098
2151
2210
2275
2343
2413
2484
2554
2620
2683
2738
2785
2825
2853
2870
2873
2861
2836
2793
2735
2661
2569
2463
2341
2203
2051
1888
1711
1524
1330
1127
919
709
496
285
77
-127
-327
-515
-695
-865
-1020
-1160
-1288
-1397
-1489
-1566
-1623
-1662
-1686
-1691
-1680
-1655
-1613
-1559
-1493
-1417
-1332
-1240
-1141
-1039
-937
-832
-731
-632
-539
-451
-373
-302
-242
-193
-154
-128
-114
-112
-121
-143
-175
-217
-267
-324
-389
-458
-533
-607
-684
-758
-829
-895
-955
-1008
-1050
-1083
-1102
-1111
-1106
-1088
-1052
-1005
-942
-862
-771
-666
-549
-420
-283
-133
21
181
347
512
678
843
1003
1156
1304
1441
1568
1683
1784
1870
1940
1994
2028
2048
2047
2030
1996
1945
1876
1795
1698
1587
1468
1335
1196
1051
902
750
598
447
296
153
15
-117
-238
-348
-449
-536
-610
-673
-720
-754
-777
-785
-781
-768
-742
-708
-665
-618
-565
-509
-453
-395
-339
-287
-240
-199
-168
-144
-130
-131
-142
-166
-205
-255
-319
-399
-489
-592
-708
-832
-966
-1109
-1256
-1408
-1565
-1722
-1878
-2033
-2181
-2324
-2461
-2586
-2700
-2803
-2889
-2962
-3021
-3062
-3084
-3092
-3081
-3051
-3007
-2946
-2867
-2779
-2674
-2557
-2431
-2296
-2153
-2006
-1855
-1702
-1551
-1401
-1257
-1117
-985
-863
-748
-647
-559
-482
-420
-373
-338
-320
-315
-322
-344
-377
-420
-474
-536
-604
-679
-756
-836
-915
-990
-1065
-1134
-1197
-1251
-1297
-1330
-1354
-1364
-1360
-1345
-1314
-1270
-1211
-1142
-1056
-961
-854
-738
-614
-482
-345
-204
-63
80
220
358
490
616
732
838
934
1016
1086
1140
1180
1204
1213
1205
1183
1144
1091
1027
946
857
757
648
534
415
290
164
42
-82
-199
-311
-416
-512
-595
-668
-728
-774
-806
-823
-824
-809
-780
-734
-676
-602
-517
-423
-315
-200
-77
51
183
316
451
581
710
833
948
1055
1153
1240
1314
1377
1424
1459
1477
1481
1472
1448
1412
1362
1301
1229
1148
1058
962
863
760
655
553
452
354
265
181
105
41
-14
-56
-84
-98
-101
-85
-58
-18
39
107
186
277
379
487
604
726
851
977
1103
1227
1349
1465
1573
1673
1763
1841
1906
1958
1994
2016
2021
2011
1985
1944
1886
1815
1730
1632
1524
1405
1277
1144
1006
864
721
578
437
301
171
48
-65
-167
-257
-335
-399
-447
-482
-501
-503
-493
-466
-424
-370
-304
-223
-138
-41
64
172
285
401
516
628
739
843
940
1031
1111
1179
1239
1284
1316
1336
1341
1332
1311
1276
1227
1170
1100
1021
934
840
742
640
536
432
331
232
139
55
-22
-90
-146
-190
-222
-238
-241
-229
-202
-159
-104
-34
51
145
252
369
494
624
762
901
1042
1184
1320
1453
1582
1702
1810
1911
1997
2069
2127
2170
2196
2204
2198
2171
2130
2072
1997
1908
1807
1689
1563
1429
1282
1132
978
819
659
502
343
193
48
-92
-220
-340
-449
-545
-627
-700
-756
-801
-831
-848
-855
-848
-832
-806
-773
-733
-689
-639
-587
-537
-486
-441
-399
-363
-336
-318
-310
-315
-329
-357
-400
-454
-523
-606
-702
-809
-931
-1060
-1199
-1347
-1501
-1660
-1822
-1988
-2151
-2312
-2470
-2621
-2764
-2897
-3019
-3128
-3224
-3304
-3368
-3414
-3444
-3454
-3447
-3421
-3377
-3316
-3239
-3146
-3036
-2916
-2783
-2638
-2486
-2327
-2162
-1995
-1827
-1659
-1494
-1334
-1178
-1030
-892
-762
-644
-540
-447
-369
-303
-250
-213
-187
-174
-174
-183
-203
-232
-267
-308
-354
-399
-447
-496
-540
-581
-617
-646
-664
-675
-675
-662
-638
-603
-553
-492
-419
-332
-235
-127
-10
117
249
389
531
673
819
963
1104
1238
1368
1488
1598
1696
1782
1851
1904
1943
1963
1966
1951
1917
1866
1798
1710
1608
1491
1358
1217
1061
897
725
548
365
183
-2
-185
-361
-533
-698
-852
-997
-1132
-1251
-1360
-1452
-1529
-1593
-1640
-1672
-1688
-1695
-1683
-1660
-1628
-1584
-1532
-1473
-1408
-1338
-1269
-1196
-1125
-1060
-996
-937
-888
-845
-810
-787
-774
-773
-781
-803
-835
-877
-932
-993
-1064
-1142
-1227
-1314
-1407
-1499
-1592
-1682
-1767
-1848
-1921
-1986
-2038
-2081
-2108
-2121
-2118
-2100
-2062
-2010
-1938
-1848
-1743
-1618
-1478
-1323
-1154
-971
-778
-575
-362
-145
75
301
526
748
971
1184
1391
1591
1777
1952
2116
2262
2394
2513
2612
2695
2763
2811
2845
2864
2868
2856
2835
2802
2758
2706
2648
2584
2517
2449
2380
2314
2251
2193
2141
2097
2060
2032
2015
2008
2012
2026
2051
2086
2131
2185
2245
2314
2387
2466
2547
2628
2710
2789
2864
2933
2995
3047
3088
3119
3136
3138
3127
3099
3053
2992
2914
2816
2705
2578
2433
2276
2106
1921
1729
1529
1318
1106
890
671
454
242
33
-170
-365
-547
-720
-880
-1023
-1153
-1266
-1362
-1441
-1504
-1547
-1575
-1586
-1580
-1559
-1525
-1478
-1419
-1352
-1275
-1194
-1106
-1016
-923
-833
-743
-657
-578
-505
-440
-383
-338
-303
-278
-265
-264
-274
-295
-328
-370
-420
-479
-545
-615
-689
-765
-840
-918
-991
-1059
-1122
-1178
-1223
-1260
-1283
-1292
-1291
-1273
-1241
-1194
-1132
-1055
-963
-855
-737
-603
-458
-307
-144
25
199
376
556
733
910
1082
1246
1404
1551
1685
1806
1917
2008
2085
2145
2187
2211
2218
2206
2176
2131
2068
1991
1900
1797
1681
1558
1426
1287
1145
1000
855
713
572
435
307
184
71
-31
-125
-204
-272
-328
-370
-400
-419
-424
-418
-404
-378
-346
-306
-264
-216
-166
-119
-71
-26
14
47
74
89
96
91
73
41
-2
-60
-133
-217
-317
-429
-553
-687
-834
-987
-1148
-1316
-1486
-1657
-1831
-2002
-2170
-2334
-2488
-2635
-2772
-2895
-3005
-3101
-3180
-3243
-3291
-3318
-3328
-3322
-3296
-3253
-3196
-3120
-3031
-2930
-2816
-2691
-2559
-2418
-2273
-2126
-1974
-1825
-1679
-1535
-1398
-1271
-1150
-1038
-939
-852
-777
-716
-669
-634
-614
-607
-612
-629
-658
-696
-742
-797
-856
-920
-986
-1054
-1118
-1182
-1240
-1291
-1337
-1374
-1399
-1414
-1418
-1407
-1385
-1347
-1296
-1231
-1155
-1064
-961
-848
-722
-590
-450
-303
-152
0
154
306
453
600
737
867
989
1097
1193
1278
1344
1396
1435
1453
1457
1446
1418
1372
1315
1241
1153
1058
950
834
712
587
454
324
192
63
-61
-180
-291
-393
-483
-563
-628
-680
-717
-742
-749
-742
-721
-684
-634
-571
-496
-409
-315
-212
-103
10
129
247
364
479
592
696
795
884
962
1030
1086
1129
1158
1175
1175
1164
1138
1098
1047
981
909
826
734
636
536
428
321
214
110
8
-88
-175
-254
-322
-381
-426
-458
-476
-479
-468
-441
-400
-343
-274
-190
-95
11
128
253
383
520
661
801
943
1081
1214
1343
1464
1576
1678
1767
1843
1906
1953
1985
2001
2002
1986
1955
1909
1849
1775
1688
1592
1485
1370
1250
1124
997
868
740
613
493
378
270
173
85
10
-53
-103
-137
-158
-164
-156
-133
-96
-46
17
90
174
266
366
469
579
689
801
911
1018
1119
1217
1303
1381
1450
1504
1547
1578
1594
1595
1585
1557
1517
1465
1398
1321
1234
1138
1033
924
808
691
572
455
339
229
124
26
-59
-138
-202
-255
-294
-317
-327
-321
-300
-263
-213
-146
-70
21
122
235
355
480
613
746
882
1016
1149
1275
1396
1509
1614
1708
1787
1855
1907
1945
1965
1971
1959
1933
1888
1830
1757
1667
1569
1456
1334
1204
1067
922
778
633
484
341
198
62
-67
-187
-301
-400
-487
-566
-628
-678
-715
-739
-748
-747
-732
-707
-672
-628
-578
-521
-462
-399
-336
-272
-213
-156
-105
-63
-29
-6
7
5
-8
-35
-77
-133
-202
-286
-384
-493
-617
-749
-892
-1043
-1200
-1362
-1527
-1695
-1861
-2024
-2185
-2339
-2483
-2621
-2745
-2855
-2954
-3036
-3102
-3153
-3185
-3198
-3197
-3176
-3137
-3082
-3012
-2926
-2826
-2715
-2591
-2459
-2319
-2172
-2022
-1871
-1717
-1566
-1419
-1276
-1140
-1012
-892
-784
-687
-601
-529
-471
-424
-392
-373
-364
-370
-386
-411
-446
-488
-535
-588
-643
-698
-754
-806
-854
-899
-936
-963
-983
-992
-989
-973
-945
-904
-847
-780
-699
-604
-499
-383
-257
-122
19
167
317
470
622
774
920
1062
1199
1324
1440
1544
1634
1709
1768
1811
1836
1843
1832
1805
1757
1695
1614
1517
1407
1283
1145
999
845
681
514
342
170
-3
-171
-338
-497
-648
-792
-923
-1043
-1150
-1245
-1324
-1391
-1441
-1477
-1499
-1506
-1502
-1484
-1456
-1417
-1371
-1314
-1254
-1189
-1121
-1054
-986
-920
-859
-805
-754
-715
-682
-660
-649
-650
-662
-685
-722
-768
-827
-894
-972
-1056
-1150
-1249
-1351
-1456
-1561
-1666
-1767
-1865
-1955
-2036
-2108
-2170
-2219
-2252
-2272
-2273
-2260
-2227
-2177
-2108
-2024
-1918
-1798
-1663
-1509
-1343
-1164
-973
-772
-566
-350
-132
85
307
524
740
949
1151
1343
1527
1695
1854
1996
2123
2236
2332
2412
2477
2526
2558
2577
2582
2572
2553
2524
2488
2441
2393
2337
2280
2224
2169
2115
2067
2024
1987
1961
1942
1933
1934
1946
1968
2001
2045
2099
2162
2234
2313
2398
2487
2580
2675
2770
2864
2954
3039
3118
3187
3246
3295
3329
3349
3356
3345
3319
3274
3212
3133
3036
2921
2792
2646
2486
2314
2129
1933
1730
1519
1303
1086
866
648
434
223
21
-173
-356
-530
-688
-833
-964
-1077
-1173
-1255
-1318
-1363
-1395
-1408
-1407
-1392
-1363
-1321
-1272
-1211
-1143
-1071
-993
-916
-836
-758
-682
-612
-547
-489
-439
-398
-369
-349
-341
-343
-358
-382
-419
-464
-517
-580
-649
-726
-804
-886
-967
-1049
-1128
-1205
-1273
-1335
-1390
-1432
-1464
-1483
-1488
-1477
-1453
-1411
-1353
-1282
-1194
-1090
-972
-843
-696
-542
-377
-204
-24
161
350
539
725
913
1091
1265
1430
1585
1727
1856
1971
2069
2153
2217
2265
2295
2307
2299
2278
2238
2181
2113
2028
1932
1826
1710
1586
1459
1325
1191
1058
925
796
672
554
442
342
250
169
100
42
-3
-37
-57
-70
-68
-58
-38
-11
24
63
106
152
197
241
283
319
348
373
387
390
383
362
329
282
221
144
55
-50
-168
-298
-442
-594
-759
-931
-1110
-1293
-1482
-1669
-1856
-2043
-2224
-2400
-2568
-2726
-2872
-3007
-3126
-3230
-3318
-3388
-3440
-3476
-3492
-3490
-3471
-3434
-3380
-3311
-3228
-3130
-3022
-2904
-2777
-2642
-2503
-2361
-2217
-2074
-1934
-1797
-1667
-1545
-1431
-1326
-1233
-1151
-1080
-1024
-981
-949
-932
-926
-932
-949
-976
-1009
-1052
-1101
-1153
-1210
-1267
-1323
-1377
-1428
-1473
-1510
-1538
-1558
-1566
-1563
-1548
-1518
-1475
-1418
-1348
-1262
-1165
-1055
-933
-801
-659
-509
-352
-191
-24
141
308
472
632
785
930
1067
1192
1307
1407
1493
1562
1616
1652
1673
1674
1660
1630
1582
1521
1445
1356
1254
1146
1024
898
769
633
500
366
234
106
-13
-129
-232
-326
-410
-478
-534
-574
-603
-615
-613
-597
-568
-524
-470
-405
-327
-244
-151
-56
45
147
251
352
449
544
630
710
779
840
887
923
945
955
950
932
901
856
800
730
651
561
466
361
252
139
24
-89
-204
-311
-416
-513
-601
-678
-746
-799
-839
-867
-876
-871
-852
-815
-762
-697
-615
-520
-415
-295
-167
-31
112
262
413
566
719
867
1013
1151
1282
1404
1517
1615
1701
1774
1831
1872
1898
1909
1903
1883
1848
1800
1737
1664
1580
1486
1386
1279
1169
1057
944
833
725
621
524
435
355
286
228
183
151
135
130
139
165
201
251
315
387
471
565
663
768
880
988
1101
1214
1320
1424
1523
1611
1691
1762
1820
1864
1896
1913
1914
1903
1876
1833
1778
1709
1626
1533
1430
1317
1199
1073
942
811
678
547
419
296
179
72
-26
-114
-187
-250
-297
-330
-346
-349
-334
-305
-262
-203
-133
-50
43
147
257
376
498
623
750
876
998
1115
1228
1329
1424
1507
1578
1635
1680
1708
1721
1721
1700
1668
1618
1557
1479
1391
1291
1179
1060
932
800
663
526
387
251
117
-10
-132
-247
-351
-445
-528
-598
-654
-700
-728
-744
-749
-737
-715
-682
-637
-582
-522
-452
-379
-303
-223
-147
-70
2
70
129
182
224
255
275
279
271
248
210
157
91
8
-87
-196
-317
-448
-590
-740
-897
-1056
-1223
-1387
-1553
-1715
-1874
-2026
-2169
-2304
-2427
-2538
-2635
-2717
-2782
-2833
-2865
-2880
-2879
-2861
-2826
-2775
-2709
-2629
-2537
-2434
-2321
-2197
-2070
-1937
-1799
-1663
-1526
-1391
-1261
-1138
-1020
-912
-814
-726
-650
-587
-536
-499
-476
-464
-466
-479
-502
-538
-581
-632
-691
-753
-819
-887
-954
-1020
-1082
-1137
-1188
-1230
-1262
-1284
-1295
-1293
-1276
-1247
-1204
-1145
-1074
-990
-892
-782
-662
-530
-391
-244
-92
63
221
378
534
684
831
970
1100
1218
1326
1419
1496
1560
1606
1634
1646
1640
1614
1574
1516
1440
1351
1247
1130
1002
865
718
569
412
252
93
-66
-221
-372
-515
-653
-778
-894
-998
-1089
-1168
-1232
-1282
-1318
-1341
-1348
-1344
-1326
-1298
-1257
-1213
-1158
-1095
-1032
-962
-892
-823
-756
-691
-635
-584
-539
-508
-482
-470
-469
-480
-501
-537
-585
-645
-716
-797
-888
-984
-1091
-1200
-1315
-1431
-1549
-1664
-1776
-1884
-1982
-2074
-2153
-2221
-2277
-2318
-2342
-2351
-2343
-2315
-2271
-2207
-2126
-2027
-1913
-1780
-1634
-1473
-1299
-1116
-922
-721
-514
-304
-91
120
328
535
734
926
1110
1283
1442
1592
1725
1844
1949
2037
2109
2169
2212
2239
2256
2257
2248
2230
2201
2165
2123
2080
2031
1983
1936
1891
1848
1814
1784
1762
1750
1747
1755
1774
1803
1843
1895
1957
2029
2110
2199
2295
2397
2503
2610
2721
2829
2936
3039
3135
3224
3303
3371
3427
3469
3495
3506
3501
3477
3436
3378
3301
3206
3095
2966
2822
2664
2493
2309
2117
1914
1706
1493
1277
1060
846
634
427
228
38
-142
-311
-467
-609
-736
-847
-941
-1020
-1082
-1128
-1158
-1173
-1174
-1161
-1136
-1099
-1055
-1001
-942
-877
-811
-742
-675
-611
-548
-492
-442
-400
-365
-342
-328
-326
-334
-353
-384
-424
-476
-536
-605
-681
-764
-851
-940
-1032
-1123
-1212
-1296
-1377
-1450
-1516
-1570
-1614
-1645
-1660
-1663
-1649
-1620
-1573
-1512
-1432
-1337
-1227
-1100
-963
-810
-647
-474
-293
-104
85
281
476
670
863
1048
1227
1396
1557
1702
1837
1956
2058
2145
2215
2267
2300
2319
2317
2299
2265
2216
2152
2078
1991
1892
1787
1673
1556
1434
1312
1190
1071
954
844
742
644
558
480
413
357
314
280
260
251
250
262
280
307
341
381
423
470
516
562
605
643
677
699
716
722
716
697
667
621
560
486
394
289
170
37
-111
-269
-439
-619
-805
-999
-1199
-1400
-1602
-1806
-2004
-2196
-2384
-2563
-2730
-2888
-3031
-3158
-3272
-3368
-3446
-3507
-3548
-3571
-3577
-3564
-3534
-3489
-3426
-3350
-3261
-3160
-3049
-2931
-2806
-2676
-2544
-2409
-2276
-2147
-2020
-1900
-1788
-1683
-1589
-1506
-1434
-1372
-1324
-1288
-1263
-1251
-1251
-1260
-1280
-1309
-1344
-1385
-1432
-1480
-1531
-1583
-1631
-1676
-1717
-1751
-1775
-1791
-1797
-1788
-1769
-1737
-1689
-1628
-1554
-1463
-1361
-1245
-1114
-975
-826
-665
-498
-327
-147
31
210
391
566
737
901
1056
1199
1334
1453
1557
1649
1721
1778
1818
1840
1843
1832
1800
1756
1693
1617
1529
1428
1318
1198
1073
943
810
675
542
412
285
166
52
-51
-144
-226
-295
-350
-394
-423
-436
-437
-425
-399
-360
-312
-252
-184
-109
-27
58
147
234
323
409
492
567
637
697
747
787
815
830
831
821
794
757
705
641
564
477
379
273
162
41
-79
-204
-330
-455
-575
-692
-802
-903
-995
-1074
-1142
-1195
-1234
-1256
-1264
-1256
-1230
-1188
-1129
-1056
-966
-864
-749
-623
-487
-342
-192
-33
126
286
447
604
756
904
1042
1170
1290
1396
1489
1569
1634
1683
1719
1737
1741
1731
1705
1668
1618
1557
1486
1406
1320
1229
1135
1038
944
850
761
677
599
529
471
422
384
360
348
349
366
395
436
491
558
636
724
821
925
1035
1150
1267
1385
1502
1615
1725
1828
1925
2012
2088
2152
2205
2241
2263
2272
2262
2239
2201
2146
2077
1996
1900
1793
1677
1549
1417
1278
1137
993
849
705
566
433
305
187
79
-17
-102
-171
-226
-268
-293
-304
-298
-278
-243
-194
-132
-58
27
119
219
327
437
551
665
778
887
993
1092
1182
1263
1331
1390
1434
1466
1482
1484
1470
1443
1401
1343
1273
1191
1096
992
879
756
632
502
367
236
104
-26
-150
-266
-379
-477
-569
-648
-713
-767
-807
-833
-843
-842
-825
-796
-755
-701
-637
-565
-486
-399
-310
-216
-122
-29
59
146
226
297
361
412
453
480
493
491
476
445
398
337
259
169
65
-51
-179
-315
-461
-612
-768
-929
-1087
-1248
-1403
-1558
-1704
-1842
-1972
-2091
-2195
-2288
-2366
-2425
-2474
-2503
-2516
-2514
-2496
-2459
-2411
-2348
-2270
-2184
-2086
-1980
-1866
-1750
-1626
-1502
-1380
-1256
-1138
-1026
-919
-821
-733
-655
-590
-534
-493
-466
-450
-448
-460
-482
-517
-564
-617
-681
-751
-827
-906
-989
-1071
-1152
-1230
-1304
-1371
-1431
-1479
-1519
-1547
-1562
-1563
-1551
-1524
-1483
-1426
-1355
-1271
-1172
-1063
-942
-808
-669
-522
-368
-212
-54
106
261
413
560
698
828
947
1055
1149
1228
1291
1338
1368
1381
1377
1356
1318
1263
1194
1109
1013
904
783
655
520
379
234
91
-56
-199
-339
-475
-601
-720
-829
-927
-1011
-1086
-1144
-1190
-1222
-1241
-1246
-1238
-1218
-1185
-1143
-1090
-1032
-966
-897
-823
-748
-673
-599
-530
-464
-407
-356
-315
-284
-266
-258
-263
-281
-311
-356
-411
-480
-559
-652
-751
-859
-975
-1094
-1218
-1344
-1470
-1593
-1714
-1828
-1936
-2035
-2121
-2197
-2256
-2304
-2334
-2348
-2344
-2324
-2283
-2226
-2152
-2058
-1949
-1825
-1685
-1531
-1367
-1190
-1006
-815
-618
-419
-218
-17
181
372
560
738
910
1069
1215
1351
1472
1578
1670
1749
1810
1860
1893
1914
1922
1918
1904
1881
1852
1814
1773
1731
1688
1642
1602
1563
1530
1505
1486
1476
1477
1488
1510
1545
1589
1645
1713
1791
1880
1977
2083
2195
2312
2434
2557
2681
2803
2923
3037
3145
3245
3334
3412
3477
3526
3561
3579
3579
3562
3527
3473
3402
3312
3205
3082
2943
2788
2623
2444
2257
2062
1859
1652
1444
1234
1025
822
622
430
248
74
-87
-234
-368
-490
-593
-681
-756
-812
-854
-882
-894
-893
-883
-857
-822
-782
-732
-678
-622
-563
-503
-446
-392
-344
-301
-265
-238
-219
-212
-214
-229
-254
-291
-337
-396
-462
-538
-623
-713
-810
-909
-1012
-1114
-1216
-1314
-1407
-1495
-1574
-1644
-1703
-1750
-1781
-1801
-1802
-1788
-1758
-1709
-1644
-1563
-1465
-1350
-1222
-1080
-923
-756
-580
-394
-203
-8
192
387
585
778
965
1146
1318
1479
1627
1763
1882
1988
2075
2147
2201
2237
2258
2261
2247
2217
2175
2116
2048
1968
1880
1783
1681
1575
1465
1357
1247
1142
1040
945
856
777
705
644
594
554
526
508
502
506
520
543
575
612
655
704
753
805
856
904
949
989
1020
1043
1057
1056
1045
1020
981
926
857
771
669
554
422
276
118
-53
-236
-427
-628
-832
-1044
-1257
-1470
-1683
-1892
-2096
-2291
-2480
-2656
-2821
-2973
-3108
-3228
-3332
-3417
-3484
-3534
-3563
-3576
-3572
-3549
-3510
-3457
-3390
-3309
-3219
-3118
-3010
-2895
-2778
-2658
-2536
-2416
-2299
-2186
-2079
-1980
-1889
-1808
-1738
-1678
-1629
-1593
-1568
-1553
-1551
-1559
-1576
-1603
-1636
-1675
-1720
-1768
-1816
-1866
-1914
-1957
-1998
-2031
-2055
-2072
-2077
-2071
-2051
-2017
-1970
-1909
-1831
-1741
-1635
-1515
-1382
-1237
-1080
-914
-739
-556
-370
-178
16
209
399
588
769
941
1107
1259
1400
1527
1639
1733
1814
1874
1917
1944
1950
1941
1914
1871
1813
1741
1654
1558
1451
1334
1214
1088
958
828
701
573
454
339
229
131
43
-35
-101
-152
-193
-218
-231
-229
-219
-194
-157
-113
-56
6
75
148
227
304
382
457
528
596
656
709
751
785
804
813
808
789
757
711
654
580
497
401
295
179
57
-75
-209
-345
-486
-621
-757
-888
-1014
-1130
-1240
-1337
-1420
-1493
-1547
-1587
-1612
-1618
-1607
-1582
-1535
-1475
-1400
-1305
-1200
-1081
-949
-808
-662
-504
-344
-182
-17
148
309
465
617
758
892
1014
1125
1222
1307
1377
1431
1473
1498
1509
1506
1490
1460
1422
1372
1312
1246
1174
1098
1019
941
862
787
717
652
595
548
509
481
467
463
475
497
534
584
646
719
806
901
1005
1119
1237
1359
1487
1615
1741
1867
1987
2099
2208
2306
2392
2469
2531
2578
2613
2630
2631
2616
2585
2538
2475
2397
2306
2200
2084
1957
1820
1678
1529
1377
1224
1071
918
770
629
494
367
251
147
55
-22
-86
-135
-168
-186
-189
-177
-151
-112
-59
4
78
160
249
343
440
540
640
739
832
923
1006
1080
1144
1199
1240
1268
1285
1284
1272
1245
1203
1147
1081
998
906
805
694
576
450
322
189
58
-75
-203
-326
-445
-555
-657
-746
-826
-892
-946
-984
-1009
-1018
-1012
-994
-961
-914
-855
-787
-704
-616
-520
-416
-310
-202
-94
14
117
217
307
391
464
527
578
614
637
644
637
612
574
519
451
369
272
164
44
-85
-223
-365
-514
-665
-817
-966
-1115
-1258
-1394
-1524
-1644
-1753
-1849
-1933
-2002
-2057
-2095
-2118
-2126
-2118
-2096
-2058
-2007
-1943
-1868
-1782
-1687
-1586
-1476
-1369
-1255
-1141
-1030
-922
-816
-720
-631
-549
-480
-422
-375
-343
-323
-315
-323
-343
-375
-421
-478
-544
-620
-704
-792
-887
-985
-1083
-1182
-1278
-1371
-1458
-1537
-1608
-1669
-1716
-1753
-1776
-1784
-1778
-1757
-1720
-1668
-1601
-1521
-1425
-1318
-1201
-1072
-935
-791
-640
-487
-332
-176
-24
126
269
405
530
646
751
841
916
978
1024
1051
1064
1060
1037
1002
950
883
804
712
607
497
377
250
120
-12
-146
-276
-404
-529
-646
-756
-857
-947
-1025
-1092
-1145
-1184
-1211
-1223
-1222
-1208
-1182
-1143
-1095
-1036
-969
-896
-816
-733
-651
-566
-481
-402
-325
-256
-196
-142
-100
-69
-51
-44
-54
-74
-109
-159
-219
-294
-379
-477
-583
-697
-819
-946
-1073
-1207
-1339
-1467
-1594
-1712
-1825
-1928
-2020
-2099
-2166
-2216
-2250
-2270
-2269
-2253
-2218
-2166
-2096
-2010
-1906
-1789
-1658
-1513
-1358
-1191
-1017
-837
-653
-464
-278
-92
92
269
441
604
758
900
1033
1151
1256
1347
1423
1486
1534
1569
1590
1600
1597
1584
1562
1533
1496
1455
1413
1366
1322
1278
1242
1207
1180
1160
1149
1148
1159
1180
1213
1260
1317
1387
1469
1561
1662
1775
1894
2019
2151
2286
2423
2559
2694
2824
2950
3069
3178
3278
3364
3438
3497
3539
3564
3573
3562
3534
3488
3422
3340
3240
3123
2991
2846
2687
2517
2338
2152
1959
1763
1563
1364
1168
974
786
607
435
273
125
-12
-135
-244
-339
-417
-482
-531
-564
-585
-593
-586
-571
-546
-511
-469
-423
-371
-318
-265
-212
-164
-119
-80
-48
-26
-11
-7
-14
-31
-61
-102
-155
-218
-292
-375
-467
-565
-671
-781
-894
-1009
-1124
-1236
-1345
-1449
-1544
-1632
-1707
-1771
-1823
-1860
-1882
-1886
-1876
-1845
-1799
-1735
-1654
-1556
-1442
-1313
-1169
-1015
-847
-672
-487
-296
-102
96
293
486
678
865
1041
1212
1370
1516
1648
1768
1871
1957
2028
2080
2117
2138
2142
2128
2104
2064
2010
1949
1874
1793
1706
1614
1516
1421
1322
1228
1138
1050
970
897
834
779
736
702
680
667
668
678
698
728
765
810
860
917
973
1034
1095
1152
1207
1257
1300
1334
1358
1370
1372
1356
1328
1286
1226
1150
1059
951
826
688
533
366
187
-4
-204
-412
-626
-846
-1065
-1286
-1507
-1723
-1932
-2136
-2330
-2510
-2683
-2838
-2979
-3106
-3214
-3304
-3379
-3433
-3468
-3489
-3491
-3476
-3445
-3401
-3342
-3272
-3191
-3101
-3005
-2903
-2798
-2691
-2585
-2480
-2378
-2280
-2190
-2107
-2031
-1966
-1912
-1867
-1834
-1812
-1802
-1801
-1811
-1831
-1858
-1895
-1937
-1983
-2034
-2088
-2139
-2190
-2239
-2281
-2320
-2350
-2369
-2379
-2378
-2363
-2334
-2291
-2233
-2159
-2071
-1966
-1847
-1715
-1568
-1409
-1239
-1058
-869
-675
-475
-271
-68
138
339
536
727
910
1082
1244
1391
1523
1642
1743
1827
1894
1943
1972
1986
1980
1957
1920
1866
1799
1720
1629
1528
1420
1305
1186
1064
941
822
703
590
484
385
294
215
144
86
42
7
-12
-20
-16
1
28
65
111
166
226
291
360
431
501
572
637
698
752
799
836
863
879
882
874
849
814
761
697
619
527
423
309
185
50
-89
-236
-386
-538
-690
-843
-989
-1130
-1267
-1393
-1509
-1613
-1704
-1779
-1841
-1885
-1911
-1921
-1912
-1886
-1842
-1782
-1704
-1613
-1506
-1387
-1256
-1114
-965
-810
-650
-485
-321
-157
4
159
311
453
586
709
820
917
1004
1075
1132
1176
1204
1220
1223
1212
1190
1159
1117
1070
1014
955
893
828
765
704
646
594
550
512
486
469
463
470
490
522
567
627
697
781
877
982
1095
1219
1349
1483
1623
1763
1903
2042
2176
2306
2428
2542
2643
2735
2813
2876
2925
2957
2973
2973
2953
2918
2867
2799
2715
2619
2507
2384
2252
2109
1959
1806
1646
1486
1328
1171
1018
870
729
598
477
369
270
188
119
64
24
0
-11
-6
12
43
86
139
202
272
349
430
513
598
684
766
844
917
981
1039
1085
1120
1143
1155
1151
1135
1106
1061
1004
933
851
756
652
537
417
290
157
25
-112
-248
-380
-508
-633
-746
-853
-949
-1030
-1101
-1159
-1201
-1229
-1243
-1238
-1221
-1188
-1142
-1079
-1006
-921
-826
-724
-612
-496
-376
-255
-132
-12
103
215
317
411
495
568
627
674
705
722
723
708
679
632
573
499
413
313
204
86
-42
-174
-311
-450
-591
-728
-865
-994
-1119
-1234
-1342
-1437
-1521
-1594
-1649
-1692
-1721
-1734
-1732
-1717
-1685
-1641
-1586
-1516
-1439
-1353
-1258
-1157
-1055
-946
-840
-735
-632
-534
-441
-357
-282
-218
-164
-123
-95
-81
-81
-94
-121
-162
-216
-282
-359
-446
-541
-646
-755
-866
-982
-1098
-1213
-1325
-1433
-1534
-1626
-1710
-1782
-1842
-1889
-1920
-1938
-1940
-1927
-1898
-1853
-1794
-1720
-1632
-1532
-1420
-1297
-1168
-1031
-887
-741
-593
-444
-300
-158
-21
107
226
335
430
515
584
639
679
702
711
702
679
640
588
523
444
355
256
150
36
-81
-203
-324
-446
-564
-679
-787
-889
-981
-1063
-1136
-1194
-1241
-1274
-1294
-1299
-1292
-1271
-1236
-1191
-1133
-1066
-989
-906
-815
-722
-626
-528
-432
-338
-249
-164
-87
-19
39
86
119
140
148
139
119
84
34
-30
-105
-195
-294
-402
-519
-643
-773
-904
-1038
-1171
-1303
-1430
-1552
-1667
-1771
-1865
-1945
-2014
-2065
-2103
-2122
-2126
-2113
-2080
-2034
-1968
-1886
-1789
-1679
-1552
-1417
-1271
-1115
-953
-785
-613
-439
-267
-94
72
233
388
534
668
793
906
1005
1093
1164
1224
1268
1300
1317
1323
1317
1301
1277
1242
1203
1157
1109
1059
1010
960
914
876
843
817
801
794
797
815
843
884
939
1006
1086
1178
1280
1392
1516
1646
1783
1925
2071
2218
2364
2510
2651
2785
2912
3031
3137
3233
3314
3379
3430
3463
3477
3475
3455
3414
3358
3283
3190
3083
2960
2823
2675
2516
2347
2172
1991
1808
1623
1438
1254
1076
903
737
581
435
300
180
71
-24
-103
-168
-220
-257
-279
-291
-287
-273
-252
-219
-181
-137
-88
-37
14
66
114
157
196
228
252
264
268
260
241
210
168
111
46
-31
-121
-217
-324
-438
-555
-678
-805
-931
-1058
-1182
-1299
-1413
-1518
-1613
-1697
-1769
-1825
-1868
-1895
-1903
-1897
-1871
-1828
-1767
-1690
-1593
-1484
-1359
-1218
-1066
-903
-730
-549
-365
-173
18
209
399
586
764
936
1100
1251
1392
1518
1630
1727
1810
1874
1924
1959
1975
1978
1964
1939
1899
1849
1788
1720
1644
1563
1478
1392
1306
1219
1136
1058
986
919
864
817
778
751
735
730
735
753
779
816
861
915
976
1040
1110
1181
1251
1321
1390
1451
1509
1559
1596
1625
1641
1643
1630
1603
1557
1497
1419
1325
1214
1087
944
785
615
429
234
31
-181
-400
-622
-846
-1071
-1294
-1514
-1726
-1932
-2129
-2313
-2485
-2644
-2788
-2916
-3028
-3121
-3198
-3256
-3297
-3321
-3328
-3319
-3296
-3259
-3209
-3147
-3078
-2999
-2914
-2826
-2733
-2640
-2549
-2460
-2375
-2294
-2221
-2155
-2098
-2050
-2014
-1987
-1971
-1967
-1973
-1988
-2013
-2048
-2089
-2138
-2191
-2248
-2309
-2369
-2428
-2485
-2537
-2582
-2622
-2651
-2670
-2678
-2672
-2652
-2619
-2568
-2504
-2422
-2324
-2212
-2083
-1940
-1785
-1615
-1434
-1245
-1046
-840
-631
-418
-205
7
216
422
619
808
988
1154
1306
1447
1569
1675
1765
1835
1889
1924
1942
1941
1926
1893
1846
1785
1711
1630
1537
1437
1331
1222
1110
999
889
782
680
584
496
418
350
290
245
210
187
176
176
188
212
246
288
337
393
456
520
588
656
721
785
845
898
942
979
1003
1018
1021
1010
984
945
892
823
742
647
537
417
287
144
-6
-161
-325
-488
-655
-822
-985
-1144
-1299
-1442
-1578
-1704
-1815
-1913
-1995
-2061
-2111
-2143
-2155
-2151
-2130
-2088
-2032
-1957
-1868
-1764
-1648
-1519
-1382
-1235
-1082
-926
-768
-606
-447
-291
-138
8
147
275
395
502
597
681
749
805
848
878
893
899
890
872
847
811
769
726
676
624
573
524
477
436
401
373
355
348
350
367
395
436
491
558
638
732
837
952
1079
1214
1354
1503
1655
1809
1966
2120
2271
2419
2559
2689
2812
2922
3018
3102
3170
3220
3256
3273
3271
3254
3219
3166
3096
3012
2913
2800
2675
2540
2395
2243
2087
1926
1764
1603
1443
1290
1141
998
865
742
631
531
446
374
316
273
245
228
228
239
262
297
342
393
454
519
587
659
728
797
863
924
979
1027
1064
1092
1109
1111
1103
1081
1044
995
933
856
769
671
559
441
314
180
41
-100
-243
-385
-527
-664
-794
-919
-1034
-1139
-1232
-1312
-1378
-1430
-1465
-1484
-1489
-1476
